sampleId,patientId,stage,grade,OS_STATUS,OS_MONTHS,PKD1,PKD2,VHL,MTOR,RPTOR,RICTOR,TSC1,TSC2,CTNNB1,APC,GSK3B,AXIN1,HIF1A,EPAS1,VEGFA,VEGFB,TNF,IL6,IL1B,CCL2,CXCL8,STING1,TBK1,IRF3,CGAS,H2AX,BRCA1,TP53,ATM,MYC,CCND1,EGFR,MET,CDKN1A,CDKN2A,PTEN,PBRM1,BAP1,SETD2,HAVCR1,LCN2,NPHS1,NPHS2
TCGA-3Z-A93Z-01,TCGA-3Z-A93Z,Stage I,G2,0:LIVING,12.65,1767.0859,1782.141,272.2454,758.3979,823.0029,664.3039,843.0825,1435.2476,7015.6259,648.6215,584.6376,796.6628,1933.3187,22223.1283,30758.7115,3711.0686,5.6456,9.4094,37.6376,1579.5251,15.6823,1033.7798,509.9896,1271.0849,29.4828,451.0241,85.9392,816.1089,998.6513,1369.3818,36263.043,4953.5615,4223.5674,7134.2095,109.7764,1433.993,498.0711,1330.4896,925.258,469.2156,40.1468,22.5826,63.3566
TCGA-6D-AA2E-01,TCGA-6D-AA2E,Stage I,G2,0:LIVING,11.89,1557.4744,2477.6039,560.1727,1205.6125,1058.2785,445.7636,1552.0777,1246.0874,5453.837,826.2277,1009.1743,800.8635,9029.6816,6726.9293,2261.7377,5254.7221,9.1743,30.7609,195.8985,2466.8106,75.5532,673.5024,481.3815,858.1705,21.047,340.5289,45.8716,521.3168,1200.2159,1787.3718,12715.2671,336.7188,4925.5262,4355.6395,25.3643,2234.2148,790.0702,2187.8036,1509.4441,2.1587,67.4582,7.0157,0
TCGA-A3-3306-01,TCGA-A3-3306,Stage I,G3,0:LIVING,36.79,775.8799,3008.7992,378.882,824.0166,438.4006,731.8841,578.6749,1362.8364,4826.5839,682.1946,645.9627,678.0538,2223.6025,6224.6377,27374.2236,2712.2153,5.176,4.6584,39.3375,2169.7723,227.7433,362.3188,671.3251,698.5921,84.3685,187.3706,182.1946,974.1201,3579.1925,2785.1967,19696.6874,2898.4886,9331.2629,2255.176,66.2526,5104.5549,343.1677,912.5259,886.1284,832.8157,0,21.7391,0
TCGA-A3-3307-01,TCGA-A3-3307,Stage III,G3,0:LIVING,47.17,1098.1651,2939.4495,446.3303,856.8807,550.9174,872.9358,1070.1835,1391.2844,8311.8991,1008.2569,983.945,538.0734,2714.2202,22831.1927,34545.8716,1885.7798,15.5963,2.7523,158.2569,3941.2844,77.9817,749.5413,681.1927,844.367,74.3119,249.0826,117.8899,961.4679,2343.578,2959.1743,22479.6835,2695.7936,5355.5046,7048.1651,61.4679,2418.8073,586.6972,993.578,934.8624,1867.4312,0.4587,2.7523,0
TCGA-A3-3308-01,TCGA-A3-3308,Stage III,G2,0:LIVING,0.53,1998.8531,4152.311,506.0213,1569.9048,1070.3062,807.432,1235.4628,1696.9836,9371.1389,1130.8636,1568.9873,575.7541,3967.4275,21285.4685,41163.8949,2024.5441,15.5981,169.2488,83.4958,1323.0875,277.5548,1292.8088,600.0688,669.9484,61.0162,292.6941,151.8523,999.1972,2369.5378,4735.4054,12284.6106,4038.7613,7204.4959,1991.5128,87.6247,1929.5791,1102.42,1267.1178,1161.1423,1725.886,2.7526,0.9175,0
TCGA-A3-3311-01,TCGA-A3-3311,Stage I,G2,1:DECEASED,39.13,1100.2168,3066.1998,303.1516,1130.2318,806.0697,982.1577,963.4817,1233.9503,7146.4599,1110.2218,1007.1703,434.2171,3001.1673,13347.6738,18807.0702,1894.614,17.342,86.3765,305.4861,2160.4135,58.029,1234.6173,757.7122,618.5526,48.024,312.8231,171.7525,1334.3338,2202.0977,2118.726,13913.5968,4877.4254,8479.2396,3349.0078,28.681,2375.5211,1011.1723,990.1617,1731.8659,2364.1821,1.0005,0.3335,0
TCGA-A3-3313-01,TCGA-A3-3313,Stage I,G3,1:DECEASED,24.15,1369.7997,2847.4576,696.8413,1167.1803,1437.9815,1905.624,1488.4438,1451.0786,6037.8313,1927.1957,1874.037,793.1433,11478.0431,5201.849,15639.4453,1953.3898,9.245,9.8459,81.6641,1026.1941,82.0493,297.3806,664.0986,407.1495,20.416,255.0077,335.9014,1775.4237,2059.322,6177.9661,3642.1418,1719.1525,7222.6502,1827.4268,16.5639,2783.1279,1986.1325,1728.4284,2654.4684,68.9522,97.8428,7.319,11.8374
TCGA-A3-3316-01,TCGA-A3-3316,Stage II,G3,0:LIVING,49.05,1216.3265,2332.6531,596.5986,1031.9728,638.0952,755.7823,1113.6054,1235.3741,9414.7687,1322.449,1265.3061,363.9456,4523.1293,17700,37570.7483,1810.8844,21.7687,307.483,241.4966,1103.4014,276.1905,1789.7959,744.2177,961.7687,64.6259,118.3673,120.4082,1088.4354,2163.2653,2635.3741,9372.7891,2895.483,4158.5034,2804.0816,176.8707,2170.068,908.1633,1118.3673,1103.4014,365.9864,4.0816,0,0
TCGA-A3-3317-01,TCGA-A3-3317,Stage II,G2,0:LIVING,48.98,2230.0885,3870.5752,458.7021,1540.9292,737.8319,1148.9676,1091.4454,1564.1593,7580.8776,1386.0619,1192.1091,513.2743,2548.3038,16700.59,34665.9292,1681.4159,26.5487,7.3746,84.0708,1336.2832,26.1799,770.649,670.7227,883.8569,57.1534,284.292,163.7168,1581.8584,2344.0229,1544.6165,28517.2603,10299.6386,5008.4808,4728.2448,10.3245,2448.3776,1232.3009,766.5929,1585.177,1106.9322,15.118,4.7935,0.7375
TCGA-A3-3319-01,TCGA-A3-3319,Stage I,G2,0:LIVING,37.12,1692.8081,3618.3592,270.6903,1591.9769,1051.3191,755.3307,568.4857,2025.2982,4312.8948,730.7553,1398.9881,727.5027,2117.0943,4421.395,10522.2262,4877.846,11.5649,126.8811,217.5641,1491.8684,260.9324,1110.9505,1080.5927,948.6122,63.2454,523.6718,239.2483,1135.8872,1771.2324,1985.5439,19258.1424,3944.2573,11748.1026,2328.1532,97.5786,1683.0502,546.0788,1062.1612,984.4597,1037.9472,78.7857,36.1402,0
TCGA-A3-3320-01,TCGA-A3-3320,Stage I,G1,0:LIVING,49.54,2019.2869,3793.6831,250.1991,1019.9062,703.8839,1360.7007,2007.2547,1444.2183,7953.0496,1754.5784,1288.1536,532.9559,2663.3637,26772.0074,71460.3203,1986.7292,10.9705,20.1716,354.5961,1467.575,74.3166,546.0497,573.653,929.7709,52.0216,142.9709,131.6465,704.2378,3703.4416,2245.4216,29984.9597,2779.0533,6661.9482,4363.4433,43.5283,2424.4891,915.1553,1152.9682,1332.0357,541.4492,1.0617,3.185,0
TCGA-A3-3322-01,TCGA-A3-3322,Stage I,G2,0:LIVING,48.55,2555.9121,3324.0642,305.1693,1156.9816,728.6988,1642.7807,1901.3666,1868.0927,5355.9311,1329.5306,875.104,583.7195,1899.4652,17346.6429,43035.0564,2804.0404,28.5205,25.1931,173.4997,1001.0695,86.5122,715.3892,510.9923,931.7267,54.1889,163.0422,183.4819,978.2531,3235.1753,1690.3149,28734.0844,5170.372,5985.9774,2438.978,24.2424,2322.5193,596.0784,1132.7392,1238.7403,2997.0291,1.9014,38.5027,1.426
TCGA-A3-3323-01,TCGA-A3-3323,Stage I,G1,0:LIVING,36.33,2871.3253,2998.0723,476.6265,1311.8072,762.4096,1084.3373,2027.9518,1969.6386,7256.212,1369.1566,1047.2289,472.7711,3036.1446,23490.6024,57918.5542,2479.5181,10.1205,11.5663,37.5904,146.988,30.8434,1687.2289,571.5663,870.6072,71.3253,165.3012,206.747,938.3133,3416.3855,1085.7831,14195.1036,4491.5036,4248.6747,3684.8193,115.6627,2894.9398,1076.1446,1359.0361,1587.4699,844.8193,0.9639,0.4819,0
TCGA-A3-3324-01,TCGA-A3-3324,Stage I,G3,0:LIVING,38.96,1585.8092,3265.6414,357.9168,1326.4593,748.6893,1566.5851,1239.0772,1430.6187,6107.4624,1361.4121,913.6666,537.5743,2585.8092,14834.3237,57380.9857,2127.9273,22.3698,15.7288,138.7627,750.7864,275.4282,830.1293,619.0143,805.2185,78.6438,182.1042,171.6183,1011.1849,2051.3771,1563.0898,30754.848,5362.3838,8585.8092,2799.7204,118.8396,2270.5348,942.3279,1219.8532,1199.9301,2136.316,3.1458,17.4764,1.5309
TCGA-A3-3325-01,TCGA-A3-3325,Stage I,G2,1:DECEASED,38.44,1410.6332,3072.4018,316.3238,791.611,647.0719,725.0868,753.9407,1705.5838,7134.0342,734.1705,1237.2429,555.1697,2659.8985,18614.7475,47483.8151,2205.7173,18.1672,20.1095,94.8437,3170.7187,101.2557,1218.2741,636.9223,1316.0967,45.1509,293.8819,137.5902,1664.4403,2224.6861,2397.8092,23698.8378,3121.09,5238.8458,4632.6476,44.6166,1660.9671,584.825,1336.8955,842.9068,454.4483,4.0075,24.312,0.2672
TCGA-A3-3326-01,TCGA-A3-3326,Stage I,G1,0:LIVING,37.35,1754.8033,2377.8591,476.6697,967.0631,739.2498,870.0823,1814.2726,1617.5663,5998.9204,717.2919,860.0183,476.6697,2104.3001,17882.8911,49500.4575,1935.0412,14.6386,0.9149,150.0457,517.8408,35.6816,978.0421,475.7548,1163.2845,73.193,152.7905,139.9817,1348.5819,2331.1985,2016.4684,12301.9213,2331.7749,3795.9744,2805.1235,16.4684,2126.258,648.6734,1334.8582,1046.6606,691.6743,3.6597,4.5746,0
TCGA-A3-3328-01,TCGA-A3-3328,Stage I,G2,0:LIVING,45.5,1107.7496,1072.0658,758.9791,740.9821,956.3261,1541.2303,1444.7289,1427.6627,5753.4373,557.5983,1603.2891,578.6983,6348.9256,1722.1317,11718.5633,2331.5491,1.5515,11.4809,125.0485,61.1279,52.1294,797.4556,668.3733,781.1652,4.6544,517.8807,162.2838,1214.4907,749.36,186.1764,2992.4754,1264.3984,6716.9343,3611.8222,13.3426,775.4247,884.3379,2995.268,1758.1258,3.4132,362.4234,1.5515,0
TCGA-A3-3329-01,TCGA-A3-3329,Stage I,G2,0:LIVING,53.35,1605.1057,3005.9832,233.7455,876.7451,632.6247,625.4487,1262.4651,1302.3534,7391.6474,680.4946,883.1272,562.4252,2231.7511,15162.3454,46301.1568,1824.4914,14.3598,80.5744,178.3008,3433.1871,187.4751,637.8141,678.8991,787.4392,52.6526,295.5724,76.1867,1309.1344,2323.0913,2252.493,44385.732,5197.8061,6379.3379,5759.0746,60.2314,1697.2477,509.7726,1059.0347,647.7862,745.9114,0.3989,0,0
TCGA-A3-3331-01,TCGA-A3-3331,Stage I,G2,0:LIVING,48.78,1880.8569,3767.8615,462.0443,1181.6428,755.5137,1710.6641,1641.7458,1564.4148,7269.9602,1600.6536,909.5285,428.394,2987.7573,21978.8149,50497.4338,1783.1417,118.0996,59.8587,530.9627,6026.9607,190.9007,1031.1872,585.968,747.7256,68.5948,197.0483,258.5248,1076.8092,3233.0161,2546.4208,21472.7663,5295.7432,4249.6431,4612.6779,104.51,1614.8903,858.0823,1169.3475,1206.557,985.2416,0.3236,17.7958,5.177
TCGA-A3-3335-01,TCGA-A3-3335,Stage II,G4,0:LIVING,61.96,1689.0193,3462.6991,267.8122,696.9824,805.1132,532.2716,1233.026,1373.0092,3857.4267,929.1702,1193.2104,551.9698,4773.6798,9106.0352,32921.6262,4605.6161,19.2791,127.4099,105.6161,1497.0662,857.5021,968.9858,600.5868,864.6521,72.9254,188.1811,107.7117,1119.8659,1848.6966,4127.4099,12387.6781,8664.2707,7978.6253,7217.0997,102.6823,2703.6882,233.4451,1023.4702,935.0377,1637.0495,1.2573,80.4694,1.2573
TCGA-A3-3343-01,TCGA-A3-3343,Stage II,G3,0:LIVING,31.04,1626.8926,2708.3634,371.305,811.1031,667.2675,837.7794,1521.2689,1448.4499,5758.3922,746.5753,1103.4607,579.6683,2800.2884,10750.5407,64173.7563,3086.5177,10.4542,14.7801,63.4463,1274.6936,88.3201,952.0548,527.7578,858.5941,68.1327,184.2105,78.9474,966.8349,2239.726,1777.938,6856.4203,2884.3259,4283.7058,3263.1579,56.9575,2415.6453,466.4744,1164.7441,909.8774,1451.3338,0.721,0.3605,0
TCGA-A3-3346-01,TCGA-A3-3346,Stage I,G3,1:DECEASED,4.5,2064.6241,1662.2645,98.1687,1119.4753,1421.0248,441.9792,352.1747,1741.944,3800.8012,454.7456,715.3548,886.5998,2364.853,6694.4004,61845.8355,2606.5328,10.5652,1408.9452,152.7558,2010.9174,2270.6462,1789.4876,482.9195,1787.084,114.4568,589.4524,161.5601,248.7234,1140.6057,2579.6795,18880.5115,1750.6515,6028.3501,843.8986,508.012,671.333,237.7179,1100.1057,740.4473,190.6145,2.6413,14.5272,0.8804
TCGA-A3-3347-01,TCGA-A3-3347,Stage III,G2,1:DECEASED,52.89,1668.2547,3058.0338,633.1745,1093.547,967.9515,1341.2733,954.5258,1548.2893,6452.4946,1151.5808,1335.21,524.4695,4451.7107,10721.9576,11679.0819,1839.3244,31.1823,44.6081,148.1161,558.2503,61.4985,1532.6981,888.2633,934.4521,118.6661,663.0576,264.6167,1207.016,2390.6453,1611.9532,5640.1039,4172.2131,8057.6007,2733.2178,127.7609,2452.1438,917.7133,1221.3079,1549.5886,834.1273,17.3235,151.5808,247.5054
TCGA-A3-3349-01,TCGA-A3-3349,Stage I,G2,0:LIVING,45.5,2090.2104,2612.4595,540.8576,1142.3948,776.2945,704.6926,1334.1424,2035.1942,12858.301,1038.835,1136.7314,516.5858,2901.2945,40044.4984,60591.8325,2003.2362,8.4951,16.1812,29.5307,600.7282,20.6311,1844.2557,520.2265,879.4741,88.1877,284.7896,118.123,1355.9871,1581.7152,1487.055,20931.5291,1052.5121,4013.754,1641.5858,41.2621,1891.1812,939.3204,1591.0194,1360.4369,489.8867,5.6634,0,0
TCGA-A3-3351-01,TCGA-A3-3351,Stage II,G2,0:LIVING,29.89,2599.6586,2850.1921,425.096,1146.3935,808.7921,1348.2714,1922.3218,1649.1677,7323.3333,1227.4861,1274.0077,559.9659,3693.1285,16291.0798,69010.0982,2046.0948,30.7298,3.4144,128.8946,514.2979,33.7175,2103.2864,645.3265,1139.0696,87.4947,193.7687,169.8677,1107.1276,3945.796,1189.0738,13984.5369,3969.9189,6451.131,1138.7111,32.8638,2280.8365,990.6103,1332.0529,1608.6214,1675.6295,0.8536,0.4268,0
TCGA-A3-3352-01,TCGA-A3-3352,Stage III,G3,1:DECEASED,18.43,1337.8473,2676.9722,384.7972,1022.8042,682.4657,899.6487,1262.4721,1502.3954,7814.3877,1173.8103,1010.0287,425.6787,2458.5117,19434.5576,47175.4711,2463.3663,12.7755,11.4979,52.1239,1627.595,17.3746,691.153,644.3948,979.2399,49.0578,130.5653,141.2967,1110.4439,3000.7027,2751.0699,23831.2616,3757.6519,7054.1041,1760.7154,75.8863,1796.9978,565.4424,1055.7649,1600.511,1609.7094,1.022,74.6088,0.511
TCGA-A3-3357-01,TCGA-A3-3357,Stage II,G3,0:LIVING,88.3,931.5983,2284.2843,304.3043,1057.3907,690.684,950.951,1483.4835,1071.4047,6082.983,1163.4968,1057.0571,411.0777,2581.2479,7825.8258,27217.5509,1541.8752,8.6753,16.6834,103.7704,408.7421,56.7234,485.8192,682.0153,778.7421,60.3937,113.1131,156.8235,1197.5309,1869.2025,2188.5219,23025.025,4819.5762,13680.347,4973.6403,74.4077,2143.1431,692.359,500.8342,1011.011,4244.5779,7.007,2.6693,0
TCGA-A3-3358-01,TCGA-A3-3358,Stage I,G2,0:LIVING,42.94,1562.0229,2354.3257,352.7354,928.4351,588.7405,1017.8117,1065.8397,1560.4326,5745.7729,892.8117,1263.6768,497.1374,2782.1247,12709.2875,31629.771,2219.4656,19.084,185.4326,148.5369,1798.3461,86.514,1219.4656,640.5852,834.6628,82.6972,243.9567,144.084,893.7659,2207.0611,2756.9975,13634.3798,4061.6317,10714.3766,6050.8906,78.8804,2006.6794,723.6005,998.7277,849.2366,3770.3562,2.8626,2.5445,2.5445
TCGA-A3-3359-01,TCGA-A3-3359,Stage I,G2,0:LIVING,82.26,1762.1205,2938.831,454.9162,1095.1518,683.729,905.3013,1370.1858,1423.652,7941.903,1131.8532,863.1627,506.1169,3053.0131,22060.2628,40512.0072,1817.3992,7.7028,4.531,42.5918,1527.8659,13.14,841.4137,637.0639,936.8419,52.1069,244.676,111.0104,792.9316,2500.2266,1811.5088,24301.7444,2276.7105,3976.8917,3244.676,86.0897,2234.7077,723.1536,1115.9946,1112.3697,1463.5251,4.531,1.8124,0
TCGA-A3-3362-01,TCGA-A3-3362,Stage I,G2,0:LIVING,51.22,1675.7741,2591.0747,415.3005,1207.1949,687.6138,720.8561,1215.847,1654.827,8265.765,1144.8087,1220.4007,507.7413,3738.6157,26928.5064,42369.3078,2395.2641,10.4736,20.4918,66.0291,1406.1931,41.439,928.051,594.7177,860.4508,48.725,259.1075,114.2987,912.5683,1928.5064,2775.0455,22609.5264,1621.5164,5886.612,4068.306,71.949,2957.6503,837.8871,1355.6466,1229.9636,703.5519,20.0364,224.4991,426.7577
TCGA-A3-3363-01,TCGA-A3-3363,Stage II,G2,0:LIVING,10.48,614.8922,2900.2695,641.1725,981.8059,695.0809,869.6092,951.1456,1119.6092,7189.9933,371.6307,1555.2561,563.0054,5994.6092,1499.6631,688.6792,2658.0189,17.5202,6.7385,75.1348,179.9191,307.9515,348.3827,446.0916,1040.2325,48.1806,293.4636,146.9003,1689.3531,1627.0216,341.9811,1749.2284,472.3214,39455.8625,8967.9919,8.4232,1755.7278,660.3774,1396.2264,1103.4367,1641.5094,8483.4906,1.0108,0.3369
TCGA-A3-3365-01,TCGA-A3-3365,Stage I,G2,0:LIVING,28.68,819.8811,3056.4996,583.6873,916.3127,458.3687,1055.65,1093.0331,1370.4333,12802.8547,847.9184,985.9813,423.5344,4857.2642,33893.373,51884.8768,1777.825,9.3458,18.0161,46.729,2621.4953,78.5896,1375.9558,833.4749,721.9626,89.6347,225.1487,115.1232,1013.1691,1917.5871,2173.7468,26860.1614,6386.9754,3293.9677,8975.7859,42.0561,2905.2676,888.7001,1118.9465,1112.9992,260.4078,0,15.2931,0.4248
TCGA-A3-3367-01,TCGA-A3-3367,Stage I,G3,0:LIVING,74.57,1322.3952,4083.1097,326.612,986.5828,626.8466,1259.8329,1640.4201,1385.5708,6211.9666,1196.3505,1019.3974,419.5354,2427.3557,20516.1389,34208.6943,2389.941,3.9868,6.4402,61.0289,1782.7187,43.8549,854.098,631.1431,797.9299,49.9885,121.4445,184.6201,912.9801,2780.3419,1550.5635,10815.9411,3593.1151,8890.8993,2104.7305,29.4411,2221.5748,768.5348,984.1294,1230.0851,1305.2212,0,0.6134,0.4508
TCGA-A3-3370-01,TCGA-A3-3370,Stage I,G2,0:LIVING,74.7,2030.0055,2712.4932,425.2591,1349.1544,831.4239,1148.6634,1822.695,1791.3257,7659.3508,1344.5172,1148.6634,499.4544,2737.3159,24624.1135,47432.8969,1633.1151,8.1833,3.2733,21.8221,200.2182,9.5472,996.7267,605.2919,961.9476,65.1937,184.6699,259.138,920.3492,2977.9051,1391.4348,35189.1544,2718.1642,6658.7561,5579.3781,24.5499,2717.6759,1050.1909,1291.0529,1487.1795,3780.9602,3.8189,1.6367,1.0911
TCGA-A3-3372-01,TCGA-A3-3372,Stage III,G2,0:LIVING,24.15,2906.7963,3126.8014,490.1509,1309.4568,700.6054,1847.3608,1122.5377,2156.3912,9247.5245,1525.7099,1046.4739,770.1885,3339.9847,27326.682,86757.0564,2083.0562,6.1397,6.1397,43.6599,872.1753,6.4808,1556.0672,653.5346,874.754,71.2885,180.7794,139.5071,1474.887,4012.9615,1514.4538,47580.2234,6047.7701,5484.0965,2793.8944,82.2035,2633.5806,869.1055,1290.3556,1595.9751,573.7188,0,0.6822,0
TCGA-A3-3373-01,TCGA-A3-3373,Stage I,G3,0:LIVING,53.25,834.7231,2044.9006,222.6498,996.3652,925.0944,780.8424,1289.4305,974.6989,8017.8747,1274.3211,1768.085,531.3948,2686.3374,15716.0573,29398.3323,1732.1645,2.8508,1.4254,35.6354,229.7769,31.6442,690.186,565.3196,435.8435,21.6663,238.3294,177.6067,1116.3851,1932.0048,2242.4631,61866.4243,11087.0444,5396.6218,8846.1264,84.0995,3265.341,667.9495,1121.8017,1033.426,313.0212,15.9646,38.2011,1.1403
TCGA-A3-3374-01,TCGA-A3-3374,Stage I,G2,0:LIVING,43.17,1087.1236,1015.7392,647.9118,1317.6354,1039.0383,577.0232,1762.3002,1770.7275,6201.502,79.3159,1633.4118,521.502,6755.7318,6016.6068,4016.3589,3915.2311,16.8546,22.3076,174.9907,411.947,1241.2938,689.5526,231.0076,663.4725,20.8204,371.2976,23.299,801.0906,361.3831,439.7075,1847.5648,2490.777,7542.4464,6952.5344,52.5468,1038.0468,582.4761,3565.2497,432.2717,0.4957,284.0501,0.4957,0
TCGA-A3-3376-01,TCGA-A3-3376,Stage I,G2,1:DECEASED,55.72,2367.5749,2823.4126,598.1007,1641.6113,856.3094,1184.284,1455.8997,2058.4694,14215.0109,1884.9233,1844.9507,477.6861,4266.8984,41729.005,29129.9112,1391.5958,13.407,13.6553,99.0628,902.489,32.5244,1863.5715,643.7838,701.5083,89.1316,258.2087,186.2082,1464.0929,2176.8978,1251.319,27749.6717,1881.8819,3813.7918,2151.0769,33.2692,3054.0624,1537.0865,1595.4317,2050.7728,958.1032,0.2483,0.4966,0
TCGA-A3-3378-01,TCGA-A3-3378,Stage I,G3,0:LIVING,20.7,1609.2468,4631.6182,643.5496,1648.3967,836.3162,1068.2327,842.2819,1469.4258,4681.0887,1319.5377,1560.7755,446.3087,5542.8784,7804.9963,34757.6435,2147.2782,11.5585,2613.173,391.126,658.8367,1414.9888,1145.7867,709.1723,770.3468,124.5339,286.3535,285.2349,1147.2782,4104.7726,1236.0179,14833.7099,4247.3043,7811.3348,5353.4676,103.654,2860.5518,778.5235,1036.9128,1474.6458,816.9277,1.8643,1.8643,0
TCGA-A3-3380-01,TCGA-A3-3380,Stage I,G2,0:LIVING,18.63,1770.7225,2447.1904,528.1862,728.7815,932.2594,791.1969,1198.16,1704.6992,10030.0388,782.1773,890.4122,597.4565,3291.0616,30920.1768,27563.0919,2216.2893,5.051,5.051,10.1019,80.8154,15.5137,1127.4466,575.0879,1115.9051,47.6233,229.0971,142.87,1120.5917,1814.738,1091.0075,11080.5051,1329.4164,4259.7637,6325.9673,39.3253,2946.1532,747.5422,1304.9517,937.314,695.9502,1.4431,4.3294,0.3608
TCGA-A3-3382-01,TCGA-A3-3382,Stage I,G3,0:LIVING,18.86,1710.6949,2402.9575,385.6549,1479.9408,719.8093,1328.6331,877.9039,1969.7944,5997.0816,1474.3516,1039.5915,661.1227,4003.8645,13557.8063,30110.227,2117.1097,0.7985,37.0404,22.3568,45.1128,15.5699,516.2027,671.5027,967.886,70.2642,142.9239,138.5324,788.4767,3180.2557,2100.7414,19065.1661,5690.4301,5523.7282,2695.1929,108.5902,2203.3431,598.843,1139.7979,1303.0824,827.2018,0.3992,0.3992,0
TCGA-A3-3383-01,TCGA-A3-3383,Stage I,G2,0:LIVING,28.29,1132.2581,1311.828,101.6129,547.8495,533.328,317.7419,803.2258,1348.9247,4906.4516,324.7312,385.4839,622.5806,918.8172,12548.9247,32147.3118,5065.0538,9.6774,2.1505,104.8387,2462.3656,21.5054,1210.7527,412.9032,1819.6559,18.2796,655.3763,123.1183,882.2581,699.4624,1812.3656,10810.4355,482.2581,4774.1935,5399.4624,87.0968,1503.7634,266.6667,1179.5699,487.6344,41.3978,0.5376,0,0
TCGA-A3-3385-01,TCGA-A3-3385,Stage I,G2,0:LIVING,65.47,1400.6756,3342.1768,299.2502,1169.6465,690.7803,1362.775,2097.3882,1465.9306,7903.617,1594.7928,1447.4747,390.2117,2152.0969,10796.4077,25190.4095,2296.1193,86.3475,0.3296,13.842,263.6566,6.5914,324.6272,520.7218,649.6729,32.6275,200.0494,226.7447,692.0985,2872.2089,1326.5222,27388.5738,6511.7838,4589.2725,5124.8249,19.7742,2748.2904,480.8437,1550.3007,1796.1605,463.0469,6.921,41.8555,0.3296
TCGA-A3-3387-01,TCGA-A3-3387,Stage I,G2,0:LIVING,20.27,1961.263,2855.1432,432.2917,1158.2031,700.1953,851.237,1017.5781,1445.638,7135.612,1039.0625,1422.526,724.6094,4097.9818,15966.4714,21500.3255,2039.7135,22.1354,17.2526,105.1432,1539.7135,258.7891,875.651,731.1198,779.1309,104.1667,267.5781,213.8672,898.4375,2380.2018,1392.5781,10849.6159,4140.8561,10626.6276,4291.6667,186.849,2905.2734,695.638,1359.375,1351.888,4398.4375,49.1536,0.9766,1.6276
TCGA-A3-A6NI-01,TCGA-A3-A6NI,Stage I,G3,0:LIVING,33.44,2578.8524,2359.437,330.5666,962.8293,987.3692,600.1444,990.6171,1485.0235,4786.2938,730.4222,961.0249,953.8073,1718.8741,12248.2858,32290.8697,4349.6933,21.292,16.2396,74.3414,699.0256,50.5233,1176.8315,636.2324,930.2201,53.4103,557.5604,143.2696,987.7265,1653.9156,2453.9877,20950.0433,1396.5716,5961.3858,4574.161,90.2201,1356.9109,485.7452,1442.4396,976.9036,1116.9253,6.8567,2.887,0.7218
TCGA-A3-A6NJ-01,TCGA-A3-A6NJ,Stage I,G1,0:LIVING,15.37,1745.4982,1801.5206,342.1369,1094.0376,877.547,719.0876,997.1989,1519.0076,6353.1853,955.1821,1032.413,796.3185,3434.5738,26329.7319,25387.7551,2299.3197,20.4082,30.012,66.4266,1412.565,13.6054,956.7827,685.074,1035.4462,55.6222,364.5458,108.8435,821.9288,2048.4154,3830.3321,43368.8315,2415.7423,4768.7075,9278.5114,79.2317,1721.8888,587.435,1215.6863,1076.0304,1438.5754,2.8011,1.6006,0
TCGA-A3-A6NL-01,TCGA-A3-A6NL,Stage I,G2,0:LIVING,22.63,2661.2454,1886.1524,492.5651,1138.4758,828.5316,962.8253,1213.29,1644.052,11663.7268,1148.2342,1210.0372,679.8327,4317.8439,26915.4275,61565.0558,2258.829,11.1524,28.8104,78.5316,574.8141,27.4164,1196.5613,565.9851,1078.8941,77.6022,344.3309,127.7881,1264.8699,2126.8587,2838.29,27710.9758,1665.3857,3683.0855,3637.0818,171.4684,1796.4684,874.0706,1398.2342,1339.2193,588.7546,2.3234,0.4647,0
TCGA-A3-A6NN-01,TCGA-A3-A6NN,Stage I,G2,0:LIVING,0.1,2394.3338,3039.8162,334.6095,1352.2205,1053.5988,1553.9816,1202.5268,1769.5253,8135.3982,1224.732,920.3675,734.3032,3091.5008,26310.1072,36072.3583,2638.2083,5.3599,3.8285,44.7933,642.8025,44.7933,1718.6064,564.7014,816.1485,61.6386,209.8009,125.5743,1310.49,2388.5873,1101.072,20278.2657,4270.3867,4012.634,1686.4472,188.3614,1633.2312,650.4594,1485.4518,1338.8208,814.7014,0,11.4855,0
TCGA-A3-A8CQ-01,TCGA-A3-A8CQ,Stage I,G2,0:LIVING,0.1,3136.4421,2483.7956,360.0528,1174.8451,874.9324,671.34,1149.2431,2037.5902,10147.5485,982.2209,1125.6731,785.5329,2235.4973,29004.9782,45383.7245,2343.1881,22.3509,1.2191,40.638,2605.3033,9.3467,1321.5483,520.573,959.6343,76.3995,372.6506,138.982,876.9684,2297.6735,1982.7288,31298.5513,2944.0496,6650.0051,2814.589,147.516,2000.2032,791.2222,1425.1753,1382.5053,440.5161,0.4064,0.4064,0
TCGA-A3-A8OU-01,TCGA-A3-A8OU,Stage I,G1,0:LIVING,0.0,2688.7444,2549.3702,243.8033,1056.4811,965.0549,528.6469,1151.9707,1982.9338,6244.5551,659.8944,981.3084,770.4185,2208.4518,22342.95,52025.5993,3388.46,39.4149,28.0374,173.1004,4846.8102,298.6591,873.2223,515.2377,1142.7915,44.2909,504.6729,106.729,950.4267,1893.9415,2225.5181,26715.1889,1946.668,4522.5518,9215.7659,148.3137,1969.1182,373.4254,1285.6562,984.5591,1036.1642,0.8127,2.8444,0
TCGA-A3-A8OV-01,TCGA-A3-A8OV,Stage I,G2,0:LIVING,11.17,1923.8859,2196.6822,346.0913,659.6552,896.8882,503.5238,1225.6316,1586.9023,4431.4908,512.1978,514.3663,1021.3596,1496.2594,11766.2366,48907.297,4307.0584,17.3479,2.6022,42.0687,431.9636,25.1545,586.3602,518.2695,1140.4576,29.4915,288.8431,123.1703,744.2264,1506.2301,1671.9072,19004.2849,1526.1759,4176.9489,5197.0075,73.7287,1425.5665,389.0274,1154.505,934.62,451.9137,6.5055,5.2044,0
TCGA-A3-A8OW-01,TCGA-A3-A8OW,Stage III,G2,0:LIVING,10.61,2164.0047,2655.2396,331.1258,1188.5469,811.0635,947.799,1441.3713,1905.7265,10904.3124,1118.0366,1116.8679,589.404,2594.4683,42093.4944,31258.6677,2442.9295,4.6747,2.8944,10.5181,714.8422,16.7511,1292.1698,614.3358,1061.9595,86.0927,201.792,98.5586,737.8263,2295.2863,1160.1091,12147.6315,1268.3716,2993.767,4890.5337,83.7554,2142.5789,779.1196,1320.9973,1325.2824,330.7363,4.2852,3.506,0.3896
TCGA-A3-A8OX-01,TCGA-A3-A8OX,Stage I,G3,0:LIVING,0.0,2030.2459,2768.3962,537.3202,1285.4456,920.0279,620.1128,875.4729,1496.2506,8183.7662,1303.4006,1232.578,669.3228,3402.474,18214.6904,16044.7944,2270.311,8.645,51.205,98.42,1101.9055,49.5425,1401.4881,560.2627,884.3407,53.5325,460.5127,145.3026,889.7704,1460.6731,1590.6807,16949.391,2090.2655,4296.8994,5242.5298,126.0176,2069.1484,1111.548,1582.7007,1498.5781,1313.3756,59.85,0,0
TCGA-AK-3425-01,TCGA-AK-3425,Stage I,G2,0:LIVING,109.82,1073.3175,2191.7534,190.5001,852.7384,793.0818,613.1094,320.3409,1080.8372,5940.579,529.3896,654.7186,531.3949,3383.3814,12129.3395,17592.6808,3963.4039,19.5513,84.7224,102.2685,1281.3636,142.875,1495.4255,785.5621,707.7178,74.6961,385.0107,89.7356,1039.7293,642.1857,2974.3076,16251.3849,3006.3416,4771.0239,6253.4152,233.6132,1843.3388,483.7699,1074.3201,745.9581,135.3553,3.5092,6.0158,35.2977
TCGA-AK-3426-01,TCGA-AK-3426,Stage III,G3,1:DECEASED,29.07,2217.0468,1753.6615,298.6795,993.9976,691.952,973.3493,807.2029,1534.6939,2752.9316,443.6975,738.5354,788.4754,2839.8559,5955.3421,16017.2869,3850.1801,24.4898,15.3661,57.1429,2199.2797,746.2185,959.904,625.2101,2220.1921,63.3854,1648.0192,146.4586,1240.3361,1558.7035,548.8595,5435.4718,203.5438,3473.2293,2254.5018,104.6819,1939.976,541.6567,1525.5702,959.904,58.5834,122.449,0.4802,1.9208
TCGA-AK-3427-01,TCGA-AK-3427,Stage I,GX,0:LIVING,117.71,1186.8563,661.2238,301.7627,291.954,598.3325,1413.6111,425.8143,856.2444,5434.596,360.0381,537.1722,571.7912,1906.9325,3090.3269,5494.6196,5842.541,2.8849,2.3079,30.5802,175.9802,107.896,387.1563,607.5643,685.0128,15.0016,479.4738,33.4651,777.7746,535.4412,282.7222,1596.6477,327.15,5118.426,5231.5149,60.0063,972.7952,320.8032,3594.611,619.1039,1.731,191.5587,0.577,0.577
TCGA-AK-3428-01,TCGA-AK-3428,Stage III,G2,0:LIVING,122.47,709.3838,3205.1821,191.1765,537.1148,623.2493,609.2437,582.6331,982.493,9163.8515,803.2213,914.5658,469.1877,6866.9468,23361.3445,42025.9104,1922.2689,14.7059,109.944,128.8515,10581.9328,2086.8347,684.8739,655.4622,552.2129,40.6162,204.4818,86.1345,1186.9748,785.014,9422.9692,14017.507,2918.0462,3686.2745,24777.3109,58.8235,2292.0168,453.0812,890.7563,926.4706,311.6246,17.507,0,0
TCGA-AK-3429-01,TCGA-AK-3429,Stage II,G2,0:LIVING,109.33,550.0064,1967.3899,157.6582,717.422,522.7885,806.7788,616.7672,782.1286,5822.0465,620.8756,617.2808,459.6225,1918.6032,17777.3784,30830.6586,2074.7208,10.7844,4.1084,81.1401,1267.4284,9.7574,726.6658,705.6105,741.1478,69.8421,523.3021,94.4922,848.3759,924.8941,907.4336,19475.4551,1234.0429,7909.1026,4981.8975,88.8432,2049.0435,465.7851,877.1344,517.6531,1370.1374,0,3.5948,0
TCGA-AK-3431-01,TCGA-AK-3431,Stage II,G3,1:DECEASED,73.62,1022.4593,2290.8478,207.7485,941.0444,676.0247,672.6558,427.288,1357.6642,12844.4357,767.5463,994.3852,456.4851,5450.3088,34996.6311,18197.0803,1627.1757,0,84.7838,62.886,1482.3133,250.4211,1573.2734,697.361,720.073,33.6889,392.4761,77.4846,1185.8506,1321.7294,2373.9472,11459.4497,1662.3638,3602.4705,5293.0938,97.1364,3947.2207,900.0561,1134.7558,999.4385,472.2066,11.2296,0,0
TCGA-AK-3433-01,TCGA-AK-3433,Stage II,GX,0:LIVING,111.99,1581.8993,1149.1396,472.9127,3118.5468,819.6303,1729.7642,2481.1982,1567.2403,3583.7604,558.3174,1159.9745,627.1511,6088.5915,3640.5354,2591.4595,4782.0268,0.6373,12.1096,14.659,35.6915,6.3735,360.7393,1043.3397,626.1887,4.4614,337.1574,17.2084,683.2377,1211.5997,525.8126,4945.5768,1208.0433,12363.2887,2367.1128,145.3155,1371.5743,715.1052,1367.7502,1764.8184,0.6373,10.1976,2.5494,0
TCGA-AK-3434-01,TCGA-AK-3434,Stage I,G2,0:LIVING,68.56,1418.5997,2717.6197,224.4941,591.1302,619.3274,720.863,936.8963,1114.5738,5579.0115,643.0233,906.4373,605.7957,2551.2233,32053.0212,15440.4569,3479.6587,5.0765,14.1014,58.0977,2027.2157,62.6102,739.4768,561.2353,871.291,43.4323,260.5937,113.3752,908.6935,1499.2597,904.1811,11646.6192,2861.2903,5616.8653,3607.6994,72.7632,3474.5822,556.7228,1309.737,926.7433,295.0011,3.9484,1.1281,0
TCGA-AK-3436-01,TCGA-AK-3436,Stage IV,G2,0:LIVING,109.43,929.3692,883.7968,105.9942,586.8083,648.7663,919.1282,374.82,1333.8881,5102.0373,613.9469,792.6521,510.001,2933.5296,14397.7982,5987.9028,4543.9242,2.5602,1.0241,2.5602,40.9639,13.3133,2891.0295,617.5313,1175.1887,20.994,295.4524,54.7893,700.4832,870.9956,448.5551,3534.6753,1409.1183,6309.4697,4169.1042,306.2054,3125.5481,265.7535,1183.3456,540.2119,1067.1104,9.2169,2.0482,0
TCGA-AK-3440-01,TCGA-AK-3440,Stage I,G3,0:LIVING,94.12,1911.27,1121.5307,435.6602,948.2759,712.7839,1989.9075,2400.7569,1552.5652,6351.1018,637.5105,1498.7384,652.2288,8810.7653,6460.0505,9518.0824,4880.9924,3.3642,21.0261,87.0479,526.0723,56.3499,211.5223,894.4491,690.286,5.8873,467.6198,24.8108,705.635,619.8486,791.8419,2966.6484,46.2574,10021.8671,7067.704,103.4483,1074.4323,757.3591,3634.1463,2034.4828,0.4205,3131.6232,2.5231,0
TCGA-AK-3443-01,TCGA-AK-3443,Stage II,GX,0:LIVING,46.75,1251.0694,746.2981,511.6815,2605.1333,971.0431,1888.4501,2923.6591,1556.104,5555.413,539.9803,1371.5038,471.5367,6423.8236,7459.0326,8527.8052,2796.3146,0.3291,0.9872,3.6196,16.7818,3.6196,352.0895,750.9049,681.9612,3.9487,165.1859,124.383,262.2573,914.7746,88.845,42617.5518,847.746,14715.3669,5115.4985,14.4784,774.5969,1245.4755,2596.5778,2056.9266,0.3291,1.6453,1.6453,0
TCGA-AK-3444-01,TCGA-AK-3444,Stage I,G2,0:LIVING,48.32,934.7592,3138.0212,183.5667,941.2217,751.191,703.6467,745.1916,1140.7909,7592.4973,991.2294,1376.8272,558.3936,2170.4878,23873.0574,37469.1491,2333.4359,2.308,3.6929,25.0808,1202.9543,10.3093,835.667,662.8712,557.1211,30.0046,336.821,100.0154,924.1422,1444.0683,1690.1062,46980.2539,2965.6532,12363.2867,4336.5133,52.1619,2401.4464,837.9751,1515.31,1342.9758,657.4858,0.4616,0,0.1539
TCGA-AK-3445-01,TCGA-AK-3445,Stage III,G3,0:LIVING,78.58,1606.6967,1928.5357,345.3273,781.6092,989.5052,1417.2914,490.7546,1545.7271,6897.4813,683.6582,749.1254,589.7051,2438.2809,8303.8481,40467.7661,3629.1854,7.4963,64.6677,67.4663,146.9265,29.4853,1784.6077,493.2534,984.6677,57.971,517.2414,114.9425,1521.2394,1724.6377,2532.2339,18428.6257,779.0905,5163.918,6165.4173,159.92,2083.4583,731.1344,1328.3358,999.5002,283.3583,0.9995,0,0
TCGA-AK-3447-01,TCGA-AK-3447,Stage II,G2,0:LIVING,39.98,1242.9512,283.2772,56.8482,499.1075,274.6055,564.6274,385.4112,354.5783,3884.9451,158.0186,576.1898,247.6267,7022.1925,5259.8996,3038.9675,11108.5149,0,1.9271,0,13.4894,15.4164,216.7938,499.1075,564.6274,0,321.8184,5.7812,202.3409,389.2653,112.7328,1287.5914,408.5841,5476.6935,6474.9085,199.4503,1187.0666,186.9244,1583.0766,283.2772,0,0,0.9635,0.9635
TCGA-AK-3450-01,TCGA-AK-3450,Stage I,G2,0:LIVING,58.44,873.1942,2779.3409,118.2136,869.7951,603.5049,544.2357,834.2933,1201.0197,5991.4191,732.6976,1023.5105,493.249,1602.8704,18644.8872,21787.5555,3758.2853,1.5107,18.1286,15.4848,8782.9289,50.9867,1187.4233,586.1581,772.7165,44.5661,273.062,65.7162,695.685,1391.3663,871.6835,19415.0505,1881.8657,3356.057,4402.9837,102.3511,1929.1852,432.065,811.2548,767.8217,306.6755,1.5107,6.7982,0.7554
TCGA-AK-3451-01,TCGA-AK-3451,Stage II,G3,0:LIVING,94.22,881.94,1398.8513,40.2042,292.9164,336.3114,613.2738,348.4365,368.2195,3462.0294,448.628,499.0428,267.3899,1511.1678,7908.1047,4932.3548,3772.1761,15.3159,6.3816,28.0791,1844.2884,65.7307,433.9502,621.5699,864.6841,10.2106,546.2668,33.1844,641.9911,555.201,652.8398,11336.956,277.6005,14345.8839,5769.6235,406.5093,1670.0702,243.7779,791.321,184.4288,286.5348,6.3816,10.8488,8.2961
TCGA-AK-3453-01,TCGA-AK-3453,Stage II,G2,0:LIVING,83.15,2258.4031,3751.6258,672.5023,1082.6952,1186.4145,956.2246,911.0566,2185.4651,7051.5041,2037.2469,3295.2611,770.1991,3387.6047,3010.8696,1703.0033,4875.8087,4.6841,17.7326,76.2838,218.145,23.0859,137.1771,596.8876,646.6661,6.357,115.0949,91.0053,854.1783,1129.2016,111.08,4085.5416,495.1658,3858.3563,6861.5306,1.3383,1743.8218,825.4045,4123.0077,2559.8581,2.342,21.0784,0,0
TCGA-AK-3454-01,TCGA-AK-3454,Stage I,G3,0:LIVING,28.71,1132.9114,2492.2325,303.5098,763.5213,579.977,858.1703,1056.962,1101.2658,7343.1444,1011.5075,941.0242,512.0829,3593.4983,23041.1392,38414.2693,2621.9793,16.9735,19.275,93.4983,2306.3867,142.4051,781.9333,575.9494,857.2066,250,389.8159,113.3487,707.9977,1798.6191,3297.1807,15135.069,2386.9189,5954.8331,13495.397,38.2624,3114.4994,579.4016,976.122,912.8308,666.5708,2.0138,1.4384,0
TCGA-AK-3455-01,TCGA-AK-3455,Stage III,G3,1:DECEASED,22.44,757.1959,1978.1801,295.2646,733.0548,480.0371,1002.7855,1093.3148,1042.247,4865.3389,438.2544,817.5487,422.9341,1574.2804,7282.2656,28553.8533,2653.6676,6.0353,1.857,14.8561,575.2089,57.5673,396.9359,819.4058,1150.6453,62.2098,186.1653,93.3148,793.8719,2136.4903,1240.4828,27688.9508,1551.1467,10056.6388,3364.9025,61.2813,1472.1448,447.0752,1046.4253,740.4828,1020.8914,142.0613,0.4643,0
TCGA-AK-3456-01,TCGA-AK-3456,Stage II,G3,0:LIVING,37.55,873.4553,4315.8675,523.9743,2016.8067,987.1478,826.9896,811.6658,1527.9288,7058.2748,1073.653,2190.8057,736.5299,13197.7261,2618.8828,1801.7795,3782.0069,5.9318,0.9886,70.6871,1318.3391,541.7696,261.4928,538.3094,449.654,29.1646,253.5838,71.6757,600.0989,1472.0712,1742.956,6753.8309,1088.9471,9598.6159,4967.3752,38.5566,3740.9787,1258.5269,1644.0929,1592.1898,2505.1903,207.1181,1.4829,0.4943
TCGA-AK-3458-01,TCGA-AK-3458,Stage I,G3,0:LIVING,38.37,891.3699,2217.2601,269.1611,465.2987,264.3331,858.7809,1159.9276,788.7749,4469.5112,538.9258,563.0658,414.0012,2309.5957,8101.9916,19508.7508,5228.7266,3.621,0.6035,4.828,1554.0133,67.592,385.6367,643.3313,950.8992,68.799,245.0211,76.041,714.5444,1860.5914,567.2903,3538.4852,618.5878,4925.7695,5754.9789,319.2517,2618.5878,230.5371,1000,582.9813,199.7586,3.0175,24.14,1.207
TCGA-AK-3460-01,TCGA-AK-3460,Stage I,G2,0:LIVING,82.39,1277.027,2429.9754,367.3219,829.8526,554.6683,983.4152,1183.6609,1320.6388,8171.9349,896.8059,751.2285,555.8968,3450.2457,32471.1302,26253.6855,2846.4373,14.1278,3.6855,16.5848,379.6069,48.5258,791.769,584.7666,834.2322,57.7396,235.8722,121.0074,726.6585,1966.8305,1514.1278,11611.6339,5994.3366,3830.4668,6235.258,63.8821,3177.5184,715.602,1049.14,1065.7248,691.6462,1.8428,4.914,6.1425
TCGA-AK-3461-01,TCGA-AK-3461,Stage I,G2,0:LIVING,72.83,1738.3721,3032.4612,297.4806,1200.5814,737.3789,1039.2442,960.2713,1539.7287,9625.2132,980.6202,790.6977,942.8295,4953.4884,33717.0543,32442.8295,2392.9264,2.907,17.1851,137.5969,8095.4457,445.2519,976.2597,643.4109,1110.2132,109.0116,296.9961,116.7636,798.9341,2193.7984,4938.9535,15373.5465,2683.3188,5198.1589,7949.6124,81.3953,3985.9496,932.655,1276.6473,1457.3643,962.2093,7.7519,25.1938,7.7519
TCGA-AK-3465-01,TCGA-AK-3465,Stage I,GX,0:LIVING,12.12,1398.2112,1750,732.5383,1532.368,923.7649,2228.2794,1456.9847,1985.5196,7321.4821,729.983,1864.1397,560.0511,7215.5026,6206.9847,4960.3918,1593.2709,4.6848,2.5554,9.3697,178.4497,43.4412,905.0256,718.9097,732.0315,11.925,225.2981,84.3271,717.632,761.0733,300.2555,2438.0835,1561.2862,6945.9114,3524.276,12.3509,1454.4293,1077.5128,2777.2572,2359.8807,24.276,140.5451,206.9847,291.6567
TCGA-AS-3777-01,TCGA-AS-3777,Stage I,,0:LIVING,40.67,976.0391,668.9487,380.9291,2029.8289,1236.6748,401.956,504.6455,1692.4205,7018.9633,764.7922,1469.9267,600.489,4133.0073,7594.621,2442.5428,4432.7628,3.423,13.2029,30.3178,384.3521,118.3374,286.0636,700.2445,1112.4548,10.7579,677.7506,145.2323,353.0562,467.4817,419.5599,2057.8386,1504.7971,7094.8655,4740.8313,308.0685,2279.2176,718.8264,3049.8778,1584.3521,2.445,858.1907,0.978,0
TCGA-AS-3778-01,TCGA-AS-3778,Stage I,G1,0:LIVING,1.41,2958.3186,2891.5578,342.6351,871.7768,961.1409,638.9968,1363.4758,1592.017,6198.4069,659.131,1029.3183,696.5736,2346.8739,24038.1491,49292.8294,2862.946,3.8856,13.7761,40.6217,251.5012,58.6365,1033.2038,434.8287,979.0604,50.5122,402.3313,139.1734,879.5479,1455.3161,1894.0304,20001.7768,2305.1784,4208.4069,6748.1455,115.8601,1706.4641,687.0364,1291.0632,936.065,1127.1635,2.4726,0,0
TCGA-B0-4688-01,TCGA-B0-4688,Stage IV,G4,1:DECEASED,3.32,2213.0329,1988.6447,1177.0279,2469.0043,1071.2607,648.5589,802.8028,1344.86,6381.5921,1106.8837,1250.1102,455.0195,9695.3316,6673.2526,2424.9346,1550.1513,9.9157,493.4042,131.1073,260.0112,125.5986,601.9185,791.0509,1339.6635,33.4195,3186.2385,810.515,140.2885,1621.3973,1488.0865,6506.133,2005.8649,7735.3321,784.8077,795.4579,1551.9875,1256.7206,1931.7214,1929.1506,0,12.4864,0.3672,0
TCGA-B0-4690-01,TCGA-B0-4690,Stage IV,G3,1:DECEASED,1.41,1360.0592,1853.7462,482.5176,1080.8245,970.9884,819.4608,662.717,1421.4908,6841.5632,836.5872,1355.9638,696.5975,8672.6578,16902.2632,46482.1918,3318.4253,20.8495,582.9937,293.0103,2443.8622,1549.1942,1071.1444,942.3241,695.4359,137.3835,393.1625,420.3413,1598.7118,1572.2776,3883.224,18566.934,7526.4403,10757.9826,1780.4005,8.1909,1021.999,1191.0291,1230.8666,1745.7754,231.5787,176.104,44.3052,100.1112
TCGA-B0-4691-01,TCGA-B0-4691,Stage IV,G3,1:DECEASED,4.57,1430,2705,308.5,678.5,645.49,713.5,452,1305.5,4904.485,386,791.5,813.5,2814,8427,39751.5,5906.5,19.5,69,244,3210,83,1586,927.5,1718.575,63.5,762.5,124.5,1428,1541,1849,13930.885,624.47,12574,6245,27,1636,468.5,844,873.5,444,4.5,6.5,38.275
TCGA-B0-4693-01,TCGA-B0-4693,Stage III,G4,1:DECEASED,2.53,1532.2691,3343.0911,385.1256,1050.1761,715.8213,875.9091,1176.4168,1461.3731,7108.2697,1239.0797,1330.1011,532.4063,3086.9506,19528.8844,44793.9441,2288.341,18.7531,42.5376,166.0339,1084.938,273.9789,694.7811,801.8113,840.8315,41.6228,227.7821,93.7657,973.7913,2066.0477,3202.6712,34711.0415,3102.1406,6496.8211,7364.0397,68.6091,2485.9351,794.0356,1142.1122,1035.9969,2059.1868,25.6141,0.4574,0
TCGA-B0-4694-01,TCGA-B0-4694,Stage III,G4,1:DECEASED,3.48,1510.189,1884.7721,260.8373,836.2356,1386.0689,491.6636,549.8333,1054.8351,5653.5495,632.4565,925.1575,547.2397,3165.6169,11608.3735,8204.5202,4022.9715,7.4102,31.3079,65.5798,1078.1771,130.4187,1128.9366,649.1293,943.0937,40.0148,336.7914,77.4361,873.6569,1007.7807,998.518,13823.3642,2882.9418,6595.7762,2592.8122,226.3801,1893.2938,581.6969,1105.2242,908.1141,522.7862,12.2268,3.7051,1.1115
TCGA-B0-4696-01,TCGA-B0-4696,Stage III,G3,1:DECEASED,28.45,1830.3434,1661.7119,809.3285,1993.3368,858.5341,574.0646,681.7017,1523.3214,9232.1527,863.1471,968.734,464.3772,5764.2235,2271.143,2535.1102,1577.6525,2.5628,32.8037,25.6279,498.206,58.9441,210.1486,916.9657,1525.4792,67.6576,1912.8652,504.3567,406.4582,1008.2009,814.9667,238.1394,189.6463,2663.2496,597.6422,1623.2701,2337.7755,1015.3767,2075.8585,1784.7258,0,7.1758,0.5126,0
TCGA-B0-4697-01,TCGA-B0-4697,Stage IV,G4,1:DECEASED,18.99,2344.782,902.2457,381.7701,1285.3369,688.2299,1243.0647,1536.3276,1815.0594,2781.8362,483.4875,944.5178,779.3923,3475.5614,9252.3118,35118.8904,3589.1678,29.0621,385.8388,80.5812,3084.5443,75.2972,840.1585,601.0568,2774.8349,71.3342,1023.7781,113.6063,1426.6843,2521.7966,1766.1823,3542.7345,607.6618,5416.1162,3544.2536,237.7807,2092.4703,667.107,1791.2814,1196.8296,19.8151,2.642,5.284,1.321
TCGA-B0-4698-01,TCGA-B0-4698,Stage IV,G4,1:DECEASED,1.38,1635.5419,916.7369,1334.661,838.2995,808.8855,1139.1804,1064.4198,1495.519,7941.1046,625.6607,1181.1566,998.2382,6417.4646,3180.3907,1058.2918,1144.0827,12.2558,125.316,61.2792,186.5952,1242.7422,952.2788,481.6545,1562.3439,194.8679,3091.5358,720.9498,1210.2643,1334.3547,6015.7794,13586.6779,418.8158,4453.7725,1657.9088,5349.6745,1666.1815,1236.0015,1686.4037,1799.4638,5.2087,2.4512,0,0
TCGA-B0-4699-01,TCGA-B0-4699,Stage IV,G4,1:DECEASED,3.61,1194.7036,905.5254,1001.3967,1320.2972,486.5054,1616.6266,1120.0626,1409.0173,9846.4294,787.3066,1790.7146,438.4602,10727.3032,3524.8897,10567.0708,2018.4368,17.6546,247.6876,120.2302,735.2366,891.6699,580.1441,898.5977,1355.5484,83.1331,797.8099,285.1556,1373.4823,1431.5682,751.5504,3541.4939,1374.7852,5202.5253,2124.8114,226.1579,389.7424,1571.9314,1986.2562,2428.9625,3.7991,132.9683,12.0677,0
TCGA-B0-4700-01,TCGA-B0-4700,Stage IV,G4,1:DECEASED,65.05,1003.9516,1424.979,323.7936,867.441,1294.6905,626.5118,594.4198,1203.2092,5493.4355,728.5355,1072.4464,524.0091,4421.5064,14378.6373,13382.8284,2439.9473,14.8485,501.0178,181.5351,3171.3567,502.4548,1371.3328,703.6283,1623.9732,74.7216,670.5784,148.4852,1526.5238,1110.7652,1982.5171,9123.9181,2402.3327,6030.4155,5914.0223,180.0982,2016.525,702.1914,1269.3091,951.7423,31.613,14.8485,8.6217,23.9109
TCGA-B0-4701-01,TCGA-B0-4701,Stage IV,G3,1:DECEASED,7.82,1520.5656,2419.0231,354.3273,1038.5604,667.0951,832.048,1044.1302,1281.491,4954.4302,649.5287,1085.2614,1017.5664,4048.4147,16329.9057,36906.5981,2652.5278,4.2845,48.4147,62.1251,7726.2211,88.6889,852.1851,679.0917,1182.4379,62.982,425.0214,224.0788,883.4619,2092.1165,5427.1637,13777.5107,2520.2399,7335.0471,6564.6958,129.3916,2052.6992,545.844,1021.8509,876.1782,3308.0548,6.4267,0.4284,0
TCGA-B0-4703-01,TCGA-B0-4703,Stage IV,G4,1:DECEASED,5.98,2293.557,4534.5025,555.4708,1480.7472,694.6245,722.074,992.7564,1727.0301,8736.8014,1070.1487,1326.7251,637.438,4024.0183,18471.9787,45791.0789,2223.0271,20.5871,49.9009,74.7236,1374.3805,68.2425,2129.2413,781.9291,1096.8242,115.1353,400.6862,253.5265,1324.8189,1829.2032,1653.069,12136.5421,8256.5002,15578.7266,3843.3092,135.3412,2812.0473,1025.5433,1471.5974,1636.6756,946.2448,4.1937,0.3812,1.9062
TCGA-B0-4706-01,TCGA-B0-4706,Stage III,G4,1:DECEASED,2.14,3324.4236,2484.362,304.6896,791.2482,749.5207,908.164,1784.4419,1841.522,3792.7992,494.0381,914.4625,946.7423,2822.5124,18652.2011,90564.0695,4499.4863,4.7239,12.597,52.7499,3820.43,98.8076,1091.6077,540.4895,1541.2768,58.2611,516.8701,103.1378,1254.5812,2725.2794,1620.2874,18751.611,1089.4111,5092.332,4644.7453,94.4774,2209.9839,562.9279,1552.5786,864.8619,244.8539,13.3843,1.181,0.3937
TCGA-B0-4707-01,TCGA-B0-4707,Stage III,G4,1:DECEASED,19.71,2186.3827,1635.3179,317.8921,845.6397,1638.4269,658.3243,642.0022,1781.4395,4406.9019,492.7716,881.3928,1357.0651,1352.4017,8783.6157,20076.947,2899.8912,11.6586,27.5921,4.6635,243.2769,14.7676,838.6445,682.4188,2118.2263,15.5448,1168.1952,181.8747,1211.7208,852.6349,2285.8697,11717.76,2626.6283,14592.725,2819.8352,66.8428,1924.452,487.3309,1323.6437,983.2116,185.7609,11.6586,41.1938,0.7772
TCGA-B0-4710-01,TCGA-B0-4710,Stage III,G3,0:LIVING,57.65,3001.453,1727.2067,329.0955,918.6342,879.041,866.3276,887.0323,1540.138,5826.1969,1121.3222,753.7232,779.15,1821.6491,14832.9096,108889.575,2230.2942,19.615,513.6215,107.8823,2107.5191,103.5234,881.2205,718.4889,1438.4308,74.4642,555.7574,322.5572,992.7352,3399.5641,8416.6364,27207.2321,4315.8845,4960.0436,6282.964,70.1053,1540.138,708.6814,994.1882,1150.3814,1420.2688,157.283,3.6324,0
TCGA-B0-4712-01,TCGA-B0-4712,Stage IV,G3,1:DECEASED,43.92,769.2646,1683.3994,140.0264,789.9604,501.9727,658.3003,336.856,1131.2197,5201.6424,567.5914,1107.0013,554.3813,2428.886,9378.6878,15962.1312,2856.0106,27.7411,261.5764,302.5099,1856.0106,346.9837,1666.6667,750.7706,1581.3122,61.2065,1416.9969,130.3391,1258.0361,707.1775,1377.3668,11824.465,1420.6209,17160.2818,3906.2087,440.3347,1951.1229,443.8573,1157.1995,472.4791,118.8904,8.8067,10.1277,11.4487
TCGA-B0-4713-01,TCGA-B0-4713,Stage III,G2,1:DECEASED,6.64,1818.0017,996.8621,228.5714,698.9265,678.4476,454.5004,939.3889,1557.0603,3244.8687,611.7258,885.8794,1069.5293,1170.6028,5235.3427,18443.6003,2744.839,8.5879,25.7638,41.6185,999.5045,73.9884,713.46,1046.4079,983.4781,23.782,431.379,79.2733,1025.2684,1372.7498,1415.6895,13539.1511,1276.2609,9817.341,2047.8943,221.9653,1536.5813,430.7184,994.8803,831.0487,476.9612,153.9224,21.8002,7.9273
TCGA-B0-4714-01,TCGA-B0-4714,Stage IV,G3,1:DECEASED,3.25,2326.9923,2057.0694,453.9846,943.9589,473.5167,1161.9537,2552.1851,1944.9871,5109.8252,750.6427,820.5656,626.7352,2334.1902,15463.7532,98714.5039,2694.6015,54.4987,5.6555,154.7558,3185.09,25.1928,889.9743,626.2211,1694.9512,50.3856,303.3419,98.2005,838.5604,3408.7404,1292.545,9420.036,1696.4679,3741.9023,1310.0257,62.2108,1888.946,659.126,1296.144,1069.4087,316.1954,1.5424,5.6555,5.6555
TCGA-B0-4718-01,TCGA-B0-4718,Stage III,G2,0:LIVING,58.41,2543.4161,2692.5819,342.529,686.4392,630.4675,1064.8785,2214.6987,2135.9723,5458.8836,689.2015,971.6499,851.4885,3180.8239,14457.3487,71859.9636,3375.5682,11.7399,1191.9457,247.2286,1608.3671,84.2511,957.8382,611.8563,1800.0038,49.0314,467.5245,91.1569,1649.8021,2667.0304,2422.5641,20103.6427,1934.2531,3382.474,8151.6381,153.3094,1438.4838,455.094,1327.2999,2074.5104,100.8251,4.8341,15.1928,0
TCGA-B0-4810-01,TCGA-B0-4810,Stage III,G3,1:DECEASED,15.7,2033.2876,1532.6012,319.8353,782.0865,739.873,715.8545,905.2848,1497.5978,6030.8202,790.6658,744.6809,729.2382,3587.5086,23842.1414,59983.1846,2644.8181,17.8449,369.2519,91.2835,1969.1146,116.3349,1763.2121,647.9067,1322.9513,44.9554,646.1908,135.2093,1588.5381,1320.1784,2589.9108,14596.8909,2066.8119,4314.0014,4039.8078,231.9835,2086.4791,626.2869,1326.3555,1084.42,268.3596,2.4022,0,0
TCGA-B0-4811-01,TCGA-B0-4811,Stage III,G3,1:DECEASED,46.55,2899.8025,1844.3713,176.4319,941.1455,472.9269,1778.0118,2486.3726,2242.0013,3892.9875,631.9947,657.2745,620.4082,1822.7781,10421.0665,148892.1659,3154.707,56.8795,52.6662,132.1922,2983.0151,129.5589,696.2475,706.2541,1968.5477,35.813,516.129,172.7452,1123.8973,2894.5359,2179.3285,11911.684,1412.4819,2630.1514,1684.7926,101.6458,1302.9625,550.8887,1638.4463,928.5056,229.6248,52.1396,66.3594,11.0599
TCGA-B0-4813-01,TCGA-B0-4813,Stage III,G3,1:DECEASED,0.59,3526.7644,1083.5322,122.0593,767.8145,632.7378,974.4289,1812.4787,1433.3447,2887.7736,454.8244,545.5165,1218.5476,1257.4156,7606.5462,49051.4831,3684.2823,49.0965,5522.3184,427.5486,5566.9962,65.462,1193.9993,762.3594,1903.9823,55.9154,1072.6219,112.5128,818.2748,2562.5639,1409.4783,34693.1879,165.6734,683.9414,4607.569,403.0003,1830.8899,460.9615,1180.3614,690.7603,2.0457,4.0914,5.4552,3.4095
TCGA-B0-4814-01,TCGA-B0-4814,Stage IV,G3,1:DECEASED,5.52,1886.8971,3266.3252,205.7192,847.2044,728.5531,1460.9475,1941.9548,1679.8976,6495.7277,1157.9172,924.8826,571.0627,1709.347,18706.7862,56918.9074,2936.8331,1.7072,155.5484,56.338,3006.8289,27.3154,662.8254,562.5267,1097.4819,68.2885,189.0738,148.1007,1176.2697,2473.7431,6987.1959,12983.7217,2131.7883,8813.487,3145.1131,56.338,2163.4656,467.3496,1229.1933,842.0828,374.3064,0.4268,1.7072,0.4268
TCGA-B0-4815-01,TCGA-B0-4815,Stage III,G4,1:DECEASED,52.17,1559.5215,1714.886,466.0934,1139.7068,603.8206,1533.4438,890.6829,1548.5027,4740.9013,747.8063,751.112,833.7527,2348.0972,6872.3991,29486.559,2305.1241,104.3109,901.1764,144.3457,835.9564,548.3668,2125.8856,828.6106,1659.9905,182.1768,662.9619,203.4797,1317.1088,2436.6146,2825.944,12611.7027,1104.0428,3960.8761,6721.8094,148.0186,1754.1862,761.7634,1205.8194,1309.0284,599.0531,2.571,7.7131,0.6024
TCGA-B0-4816-01,TCGA-B0-4816,Stage II,G3,1:DECEASED,45.04,1413.8168,2479.0758,500.9563,1119.4247,630.4032,797.1846,1321.7045,1372.81,7160.4774,818.9121,1097.3912,566.1388,5274.8833,19727.0293,28162.4971,2091.9593,19.8914,34.9782,352.8422,10349.0169,780.6595,1583.9645,606.8396,849.658,93.3364,324.6882,100.0689,1435.2383,1907.1226,2692.3724,6484.7035,1547.0737,3797.7201,2448.1677,177.1861,2114.2988,722.2095,1313.1359,1256.2161,723.1275,3.3662,0.9181,0
TCGA-B0-4817-01,TCGA-B0-4817,Stage III,G3,1:DECEASED,33.48,1727.4536,2287.7984,171.7507,604.7745,698.2361,909.8143,1175.0663,1393.8992,2419.6353,618.0371,809.6817,683.0239,2165.1194,2468.8329,26812.3342,5071.618,41.1141,359.4164,195.6233,1529.8408,11731.4324,964.8541,743.3687,1358.5942,35.1459,632.626,49.7347,633.9523,1408.4881,1911.1406,10903.4483,1872.6326,7984.0849,2277.8515,194.2971,2163.7931,280.504,933.687,722.1485,404.5093,446.9496,2.6525,0
TCGA-B0-4818-01,TCGA-B0-4818,Stage II,G3,1:DECEASED,16.75,1355.1594,3071.649,373.3288,833.0477,663.3528,845.3891,1529.6538,1275.2828,6074.6315,826.5341,895.4405,580.3908,2766.8838,26416.181,54735.9959,2314.7069,7.542,25.0257,126.4998,8441.5495,212.89,914.6383,581.7621,927.806,67.878,225.917,75.42,739.8012,2176.8941,2199.5201,25752.9311,1721.3644,5690.0926,3353.7881,166.6095,2554.3366,584.1618,1050.0514,1121.0147,714.0898,0,5.4851,0.3428
TCGA-B0-4819-01,TCGA-B0-4819,Stage IV,G4,1:DECEASED,6.01,1492.1535,2258.315,493.3022,1182.5537,602.539,1213.4157,1031.6727,1462.2712,6515.2681,673.0856,962.1108,717.6641,7039.9663,13192.7724,11817.6986,1572.4926,23.5139,1093.8866,273.8391,8023.1416,462.4402,1177.1651,742.6476,2322.0426,84.2582,483.9946,77.3999,1116.4208,1707.6976,3201.8106,5132.3221,605.4831,7840.4189,7021.841,104.343,2374.9048,1009.1386,1410.8345,1277.589,127.367,61.2341,242.9771,436.9227
TCGA-B0-4821-01,TCGA-B0-4821,Stage III,G3,1:DECEASED,40.41,2819.3891,1329.7919,227.5343,749.004,1011.0668,1415.228,1007.5255,1893.3156,2155.3741,477.645,559.5396,1071.2705,1945.5511,8147.4104,85256.7508,2861.0004,4.4267,93.8468,43.8247,816.2904,351.0403,868.5259,915.4493,3221.7795,27.0031,1472.7756,113.3245,1069.4998,1380.2568,1580.788,11734.5595,612.2178,4381.5848,6885.3475,287.2953,1408.1452,398.849,1493.1386,842.8508,28.3311,0.8853,13.7229,0.8853
TCGA-B0-4822-01,TCGA-B0-4822,Stage II,G4,1:DECEASED,36.5,2070.429,1220.3598,255.8819,810.0877,1782.5557,835.3068,1473.1662,1801.0149,5123.7275,628.0178,594.1873,643.3954,1952.9448,15727.5104,34363.2908,2073.5045,17.8379,327.8487,78.7329,666.7692,51.0534,1753.0371,563.4323,2363.1801,31.9852,576.3494,95.3406,1267.7226,1133.6306,1665.6928,8016.5585,1027.9071,4548.0547,6908.8113,123.6352,1649.7001,538.8282,1809.0112,1035.8296,186.3755,0.6151,11.0718,2.4604
TCGA-B0-4823-01,TCGA-B0-4823,Stage I,G2,1:DECEASED,14.91,1134.2113,2412.2537,171.103,887.27,804.7072,950.0327,518.9129,1364.7147,9054.9846,958.2516,756.1408,446.8105,3760.1569,22194.0786,18392.0799,2532.1752,5.2302,46.3248,46.6984,783.4127,134.1179,1089.3808,728.4954,598.0798,42.589,307.4624,109.0875,1230.2232,1254.1328,2711.8707,26965.9102,3078.5953,7177.7342,8363.8741,57.1589,2428.6915,823.7602,1162.9775,869.7114,1414.0282,70.9816,0,0
TCGA-B0-4824-01,TCGA-B0-4824,Stage I,G3,1:DECEASED,54.43,1508.1177,2483.9586,399.2076,916.363,542.3578,1002.5555,1452.6722,1587.7576,5319.1544,705.166,1130.5842,602.3398,2294.4358,16003.0848,47173.5394,3210.7988,38.3078,14.431,140.1259,1671.4299,38.3078,810.0084,775.733,1291.9004,72.5832,276.7235,116.9396,947.6141,2550.4932,1383.1133,16071.2979,2229.3125,4404.3893,2356.938,71.5751,2145.237,579.1535,980.3773,1046.4079,394.1671,2.5203,42.3402,1.0081
TCGA-B0-4827-01,TCGA-B0-4827,Stage III,G4,1:DECEASED,29.07,1096.4165,2546.0564,357.1961,1485.3927,2395.0939,364.8101,882.2312,1482.4133,7586.1591,655.7974,1262.2693,523.711,5912.77,14590.0852,8288.339,3242.2412,2.6483,341.7496,190.019,1774.0627,227.0959,1215.9232,718.0336,548.6022,58.9258,575.6848,229.0822,1948.1917,1356.2857,1921.0461,17021.7628,4341.1802,7790.7804,5801.5394,111.8927,2319.6226,809.7327,544.5667,1036.4976,1000.7448,1.9863,0,0
TCGA-B0-4828-01,TCGA-B0-4828,Stage IV,G3,1:DECEASED,10.09,2390.0391,2713.1895,294.1943,811.3508,783.5529,1399.7394,1589.1125,1769.7988,3884.6851,696.1054,743.0143,892.428,1154.7705,8598.8128,51793.2532,4233.9655,14.4781,30.6935,189.9522,5059.7944,94.9761,1162.2991,645.1426,1751.0236,57.9123,452.2948,93.8179,956.7106,2698.7115,3075.1412,24319.4267,1229.7148,5775.0109,5220.7905,85.7101,1638.917,488.2004,1526.5673,807.2969,364.2681,1.7374,26.6396,0
TCGA-B0-4833-01,TCGA-B0-4833,Stage I,G2,1:DECEASED,78.38,1690.3391,1623.1606,305.8221,664.1075,625.08,1159.309,1709.5329,1574.5361,5678.6884,699.2962,742.8023,777.991,2152.2713,17715.9309,50969.2898,3653.231,12.7959,16.6347,123.4805,3536.1484,28.7908,890.595,533.5893,1247.4152,51.1836,591.1708,74.2163,876.5195,1657.0697,1235.4447,21289.1299,550.1919,4143.3141,4648.1126,164.4274,1983.3653,531.6699,1728.7268,1027.5112,164.4274,0,3.8388,0
TCGA-B0-4834-01,TCGA-B0-4834,Stage I,G3,1:DECEASED,68.66,1418.0764,1700.8217,565.0072,1485.2586,1240.696,2317.5447,1912.0348,1403.5766,8355.1329,1429.6762,2216.5297,355.2441,5134.3644,12516.6747,10380.377,2567.9072,1.9333,4.8333,9.1832,107.7815,11.5998,384.2436,700.3383,301.3485,21.2663,145.9642,98.115,649.1058,1833.7361,347.0275,4379.8937,490.0338,7123.7313,1321.8946,27.0662,1948.2842,925.5679,2734.1711,2761.7206,13.5331,25.6162,0.4833,0
TCGA-B0-4836-01,TCGA-B0-4836,Stage IV,G3,1:DECEASED,40.67,1626.2911,2327.0288,299.9329,1035.0101,2293.2207,1025.8887,520.9926,1058.6184,5343.4259,830.5835,981.3548,558.0148,4097.6526,13683.7022,25525.4192,3987.1227,8.0483,193.159,63.8498,500.6036,298.8598,2205.7679,667.4715,751.9678,63.3132,427.6325,194.7686,1177.1965,2044.8021,1396.6465,12174.3796,3446.7659,8137.3575,5081.6901,172.77,1322.6023,588.0617,1047.3508,1098.8598,172.77,1.0731,5.9021,26.2911
TCGA-B0-4837-01,TCGA-B0-4837,Stage I,G3,1:DECEASED,45.27,2266.8587,1915.5268,294.2165,1151.9078,898.9633,475.6419,942.6446,1483.5613,6058.8961,694.0245,767.4586,633.0694,3226.3019,13695.7043,36105.1116,3775.378,5.2796,2149.9112,63.3549,358.5313,246.7003,1298.2961,535.1572,832.3782,55.1956,602.3518,152.1478,1491.7207,1833.9333,1838.2529,12280.5136,2673.103,2214.0629,5725.462,529.3976,2141.1087,704.5836,1167.7466,943.6045,25.438,0,3.8397,0.48
TCGA-B0-4838-01,TCGA-B0-4838,Stage I,G3,1:DECEASED,27.4,1420.99,3396.2268,371.5192,1168.7289,695.3351,1168.7289,812.9761,1752.8912,5477.6194,1138.4091,1451.7141,720.8038,3162.1576,18424.3586,25192.152,1676.8895,15.3621,6.8725,205.7707,3881.7486,10.1066,725.2507,943.1493,720.6016,100.2576,362.6253,155.2376,1034.9173,2275.6054,2073.0688,19717.4029,4169.4071,7442.9153,3135.8804,213.4517,2457.5244,687.6541,1011.8743,1370.0527,1744.806,2.0213,4.0426,0
TCGA-B0-4839-01,TCGA-B0-4839,Stage I,G2,1:DECEASED,53.84,1076.9476,1122.8389,156.6288,623.0234,645.9591,559.6736,496.3237,1466.5243,7397.4431,560.6712,794.1179,716.8012,3281.7223,18875.7644,28364.7555,2767.94,9.9764,16.9598,69.8345,752.2172,11.9716,1201.6521,423.9951,950.1232,14.9645,796.1132,57.8629,1406.6662,622.5246,551.1937,20307.2269,772.1301,6250.6859,3795.5047,253.8983,1918.4533,443.9478,1562.7962,844.9974,229.955,2.9929,0,0
TCGA-B0-4841-01,TCGA-B0-4841,Stage IV,G3,1:DECEASED,6.7,1154.0257,1014.0023,159.86,472.5788,492.4154,648.7748,626.6044,1147.0245,5722.287,579.93,765.4609,672.112,3385.0642,21574.0957,28302.217,2340.7235,4.6674,32.6721,123.6873,4033.839,94.5158,786.4644,449.2415,1002.4154,17.5029,976.6628,64.9942,1219.3699,380.3967,3597.4329,9406.8495,1787.6313,3366.3944,6887.9813,322.0537,2339.5566,519.2532,1396.7328,704.7841,73.5123,29.1715,0,0
TCGA-B0-4842-01,TCGA-B0-4842,Stage III,G4,1:DECEASED,56.64,1472.4348,3166.6406,48.1025,644.6978,1312.4848,339.216,285.4912,766.5157,2236.4079,332.9689,850.8512,669.6861,1271.2791,3229.1114,6121.5055,8130.5638,28.7365,88.7084,144.9321,8852.1006,330.4701,883.3359,427.9244,1030.898,11.2447,1200.6872,53.7248,2409.4955,660.3155,468.5304,14565.7473,3612.6378,15710.7606,10059.6595,155.5521,1647.9775,354.8337,873.3406,471.0292,789.0052,3.1235,1.2494,0
TCGA-B0-4843-01,TCGA-B0-4843,Stage III,G3,1:DECEASED,10.51,2669.4805,2375.974,350,1098.7013,849.3182,650,1662.987,1687.6623,5435.461,738.961,986.3636,583.7662,3168.8312,11822.7273,75627.2727,3219.4805,33.1169,2074.1494,272.7273,2142.8571,342.8571,1109.0909,580.5195,1550.7727,50.6494,648.0519,87.6623,1364.2857,1662.3377,1092.2078,13484.3896,1902.4156,1366.8831,5603.8961,348.7013,1898.0519,703.8961,1298.0519,909.7403,10.3896,30.5195,13.6364,0
TCGA-B0-4844-01,TCGA-B0-4844,Stage IV,G3,1:DECEASED,10.28,1809.4435,1516.5823,192.8049,896.009,1576.7285,518.8308,765.5987,1580.1012,4008.398,439.0107,762.226,653.7381,1824.6206,5926.3631,26376.6161,4865.6549,6.7454,57.5211,96.1214,1607.6447,82.6307,2305.2277,576.7285,1483.1703,38.7858,478.3586,71.3884,1521.0793,2172.0011,2005.6211,13689.7133,1385.2108,4904.4407,3699.8314,145.0253,425.52,264.1934,1369.3086,743.1141,512.6476,2.8106,10.6802,0
TCGA-B0-4845-01,TCGA-B0-4845,Stage IV,G2,1:DECEASED,65.24,2760.407,2235.4302,495.3747,1024.9769,691.9473,1055.0416,1167.4376,2018.9639,7337.8215,833.025,934.3201,907.0305,2724.3293,27391.7669,80735.8927,3013.4135,11.1008,41.6281,90.1943,1953.7465,58.7419,1047.1785,607.308,1332.7151,85.1064,460.222,154.0241,1229.8797,3349.6623,2684.5513,29500.1249,1371.8409,2964.3848,2353.839,87.4191,2405.6429,723.8668,1386.2165,1265.9574,111.0083,2.3127,12.0259,0
TCGA-B0-4846-01,TCGA-B0-4846,Stage IV,G2,1:DECEASED,39.42,1143.2562,4184.3736,480.1397,969.7076,653.3357,1021.388,1147.7957,1290.2663,7272.5378,1137.6691,1170.8424,370.8424,3355.7399,21489.306,52241.6412,1564.3824,21.6499,40.1571,361.7634,9877.2588,288.433,969.3584,798.254,899.3243,74.0288,208.4679,131.6456,974.5962,3054.0375,4228.0227,27097.9904,3408.234,10010.6504,6325.622,24.4435,2163.9459,763.3348,950.1528,923.2649,2262.069,0,4.5395,5.9118
TCGA-B0-4847-01,TCGA-B0-4847,Stage IV,G3,1:DECEASED,26.05,2210.8626,1773.1629,292.6518,989.7764,727.1374,1107.9872,2051.7572,1488.1789,2560.3642,546.3259,613.4185,773.8019,1046.0064,5104.7923,48936.7476,3159.7444,21.7252,4.4728,428.115,7991.6933,58.147,778.9137,454.9521,2119.8466,54.9521,805.1118,133.5463,1007.0288,2454.9521,922.0447,10022.2556,584.0128,5005.1118,3152.0767,85.623,1814.6965,364.8562,1469.6486,876.6773,148.2428,5.1118,0,0
TCGA-B0-4848-01,TCGA-B0-4848,Stage III,G3,1:DECEASED,29.01,831.9924,3117.8419,232.371,997.1604,1057.2646,637.4823,359.6782,1267.3923,5929.9385,872.2196,863.2276,490.7714,3737.8135,13371.0364,13180.3124,3715.097,8.5187,33.1283,292.9484,4090.3928,337.4349,2045.9063,754.3777,717.5343,88.973,418.3625,97.0185,1374.8225,1320.8708,1457.1699,10150.9702,3487.6148,5947.4681,2468.0549,187.4113,2309.5125,454.8036,933.2702,782.3,1289.1623,1.893,0.4733,3.3128
TCGA-B0-4849-01,TCGA-B0-4849,Stage III,G3,1:DECEASED,2.27,1632.0808,2621.9854,335.9506,1044.3073,632.0808,1074.5934,1361.7499,1588.8951,7538.8222,777.9024,887.8295,761.6377,3919.7981,22231.6321,54426.8087,3088.6147,12.8996,9.5345,542.9052,9936.6237,67.3023,841.2787,781.8284,1366.2647,53.8418,214.8065,66.7414,817.7229,2649.4672,4377.4537,12481.7723,1548.9007,3676.3881,2549.6354,75.7151,2637.1284,607.9641,1227.7061,1058.8895,174.4251,1.1217,15.143,0
TCGA-B0-4852-01,TCGA-B0-4852,Stage II,G2,1:DECEASED,36.83,1032.1015,2279.9927,323.3206,923.1143,434.7351,1080.4054,1093.2702,855.3917,6798.813,1382.6082,1068.9969,513.8661,2941.4406,15419.3822,69738.6977,1720.7355,12.1367,365.3134,117.9683,4217.2462,116.7547,547.1206,931.6099,748.8513,73.7909,305.6011,315.7959,775.2898,3351.6573,5124.5828,21894.2654,2937.921,7823.2902,4848.3524,66.2662,2179.9866,755.1429,827.4774,1224.5889,1475.3322,60.1978,4.6119,0
TCGA-B0-4945-01,TCGA-B0-4945,Stage I,G2,1:DECEASED,70.47,1398.1905,3151.6699,378.7047,945.1858,656.5416,1066.3172,1336.499,1332.8965,9311.6648,1386.0323,1467.9874,517.398,2982.356,29721.3413,31645.49,1183.396,2.7018,48.1824,37.8254,1781.8485,37.3751,1087.4815,829.9082,1155.0089,60.7909,148.6,81.5048,1170.7875,1876.8624,1766.5382,36662.7693,3431.4386,6170.5004,7180.0795,30.6206,2279.4332,860.5288,1230.6778,1196.9051,519.1992,15.7606,43.6794,49.4613
TCGA-B0-5075-01,TCGA-B0-5075,Stage III,G2,1:DECEASED,20.93,1492.5228,3099.4798,367.0351,1160.5982,765.9298,1038.6866,1060.7932,1395.3186,4348.1014,916.775,1176.2029,478.5436,2177.5033,7071.1964,25852.0806,2895.3186,31.5345,10.4031,297.7893,614.7594,567.2952,829.3238,824.1222,713.3875,72.1717,213.264,125.1625,1371.2614,2146.6157,2256.1769,35774.4116,2702.396,10430.7542,4226.2679,57.5423,1737.9714,669.0507,480.4941,1033.485,3125.8127,35.1105,10.4031,0.6502
TCGA-B0-5077-01,TCGA-B0-5077,Stage I,G3,1:DECEASED,43.27,2397.161,2345.7904,451.0981,1220.8545,701.5298,1073.5653,1229.6838,1960.1095,7143.1665,1162.6612,1134.5679,794.2377,3378.8211,18449.6714,46904.5701,2534.8181,21.2706,29.2973,42.9426,1013.3654,128.4265,1367.7423,582.7353,914.5653,50.5679,258.4583,202.2717,1175.9052,1944.0562,2206.5279,33468.7497,2828.7423,10369.6376,2706.9899,28.896,1973.3535,739.2551,1319.5823,1175.5038,1238.5131,7.224,0,0.4013
TCGA-B0-5080-01,TCGA-B0-5080,Stage IV,G3,1:DECEASED,11.24,1500.3837,2383.7299,383.7299,1206.8304,865.3108,628.1658,574.0599,1233.3078,10465.0192,1024.5587,1415.1957,616.6539,4975.0576,21385.2648,28514.198,2572.9087,55.6408,570.6063,99.0023,3708.3653,150.8058,2238.68,700.307,861.8649,88.2579,552.571,128.9332,2085.5718,1087.1067,3518.0353,8849.0445,2435.3147,9932.4635,6384.1136,129.317,2409.4398,1001.5349,1173.4459,1143.1312,286.6462,1.1512,0,0
TCGA-B0-5081-01,TCGA-B0-5081,Stage III,G2,1:DECEASED,11.89,2045.0418,1994.1882,581.9106,1123.8649,859.4188,886.6691,925.899,1599.3462,5658.794,948.7831,1000.3632,581.5474,4115.1471,13754.4497,33595.7138,1766.7999,25.4268,64.2935,308.7541,1721.0316,55.2125,2395.9317,586.996,1410.3269,71.9215,496.9125,177.6244,1360.3342,1916.0915,1380.6756,5396.7345,1286.1242,3435.5249,4227.3883,202.3247,1909.5532,791.8634,1325.4631,1163.0948,498.0022,9.8075,9.4442,11.5329
TCGA-B0-5083-01,TCGA-B0-5083,Stage I,G3,1:DECEASED,34.33,1051.498,1271.2964,447.3285,1359.6576,909.5679,777.0261,683.1423,1036.587,7751.4621,542.869,1920.1988,342.3996,4273.3674,10205.1636,1994.7536,7370.9789,3.8658,13.2542,37.5535,416.402,99.4063,658.2908,689.2172,558.5641,34.24,280.5467,38.1058,786.9667,945.4646,907.3588,4038.658,870.4736,9105.6192,3012.5639,45.2851,1853.9279,984.1226,1868.2866,1612.0392,25.9561,35.3445,2.209,1.1045
TCGA-B0-5084-01,TCGA-B0-5084,Stage IV,G3,1:DECEASED,7.29,1965.5446,1587.3757,468.0424,707.705,856.6965,823.2566,1385.8412,2568.5917,3851.6776,529.9034,1041.5208,1452.76,4295.6409,4541.9176,4280.4675,2445.2589,5.4469,35.4047,49.0219,1976.0493,1109.2177,633.7831,651.68,947.531,51.3563,775.0128,424.8564,2820.7044,716.6534,2315.701,6764.3486,1144.5913,5849.9463,2317.6463,201.1454,1514.2319,463.3736,1941.8118,1430.9725,166.9079,9759.6371,45.1313,0.3891
TCGA-B0-5085-01,TCGA-B0-5085,Stage III,G3,1:DECEASED,25.3,3022.5606,2060.9137,192.8934,841.5116,770.3835,914.8336,3169.2047,2305.6966,3890.4456,614.2132,655.9504,698.2516,1149.4642,10322.617,87846.5877,3817.2589,32.1489,109.9831,177.665,7220.5302,28.2008,501.41,484.4896,2132.7355,17.4845,417.3717,58.0936,974.6193,1605.753,1474.3373,14446.1873,1178.9171,2650.3102,3142.132,160.7445,1375.6345,309.6447,1504.2301,934.0102,371.1224,0,12.9724,0.8573
TCGA-B0-5088-01,TCGA-B0-5088,Stage I,G3,1:DECEASED,18.5,2034.7196,1635.2537,355.5895,885.1583,719.1911,772.6059,1985.1202,1648.6074,6147.1919,687.5238,852.3464,664.2503,2734.071,21430.7516,38919.4964,2780.2366,28.2335,59.1377,156.4288,1173.9794,119.8016,1126.2877,534.9103,1572.7242,49.9809,372.7585,84.7005,1246.0893,1597.4819,2543.3041,15286.9859,1060.4578,4351.7741,6600.1526,113.6971,1724.5326,662.7242,1351.0111,1087.3712,388.4014,8.0122,2.6707,0.7631
TCGA-B0-5092-01,TCGA-B0-5092,Stage IV,G3,1:DECEASED,15.08,1905.3785,1925.7968,477.5896,925.7968,676.7928,935.259,1585.6574,2095.6175,3872.4801,611.5538,907.8685,711.1554,1886.4542,8701.6932,30002.988,2754.9801,21.9124,34.3924,41.3347,655.3785,9.9602,980.0797,774.9004,1964.3924,71.7131,850.0996,144.9203,1412.3506,2219.6215,1352.5896,22433.8048,665.0697,7567.7291,4034.8606,191.7331,2117.5299,644.4223,974.6016,1117.5299,259.4622,0,6.4741,0.996
TCGA-B0-5094-01,TCGA-B0-5094,Stage IV,G2,1:DECEASED,10.94,2063.0308,2590.7151,338.6794,1119.4628,811.738,1604.539,674.8095,1958.1494,3645.3007,955.5857,823.3915,720.331,1583.4171,7432.7375,30273.5655,2483.6487,8.3759,160.7052,50.2556,129.645,29.4979,1786.6247,793.1652,1092.048,34.5963,202.1151,140.9343,989.4536,1880.2168,1409.7074,19260.2951,6301.2134,7781.2495,4730.2219,96.5054,1856.9098,335.4018,1097.9767,927.1803,2335.431,0.3642,44.4289,0
TCGA-B0-5095-01,TCGA-B0-5095,Stage III,G3,1:DECEASED,8.05,2417.8541,2073.3445,520.9556,1168.9019,707.0411,984.912,842.8332,1678.1224,8867.4644,1178.1224,1341.5759,600.1676,4433.3613,21444.6773,34397.3177,2275.3562,25.5658,287.5943,62.4476,1210.8131,481.14,1492.0369,723.3864,1052.5189,88.8516,452.6404,184.4091,1725.9011,2004.1911,2555.7418,25131.5968,3016.3915,6238.8935,3634.5348,85.4987,2908.6337,1264.8785,1127.4099,1511.316,41.9111,4.6102,0,0
TCGA-B0-5096-01,TCGA-B0-5096,Stage III,GX,1:DECEASED,2.23,1417.6281,6732.8103,198.8925,1083.0641,907.245,1064.6054,407.4758,1420.3969,4767.868,793.2626,1792.3396,495.6161,4596.6774,3973.2349,20879.0955,2847.7157,5.5376,226.2713,134.287,4264.4209,1668.6664,1459.6216,809.8754,576.3175,51.2229,378.4033,121.8274,1215.5053,1790.0323,2034.6101,8704.1994,2085.3715,32487.3096,5225.6576,96.9082,2109.8293,770.1892,976.9266,658.9755,977.3881,11.9982,0.4615,0
TCGA-B0-5097-01,TCGA-B0-5097,Stage III,G2,0:LIVING,21.85,1515.9442,3214.3552,536.1583,1298.8866,906.7128,1105.6102,849.2055,1389.6876,11745.688,1211.9771,1874.8243,532.2668,9342.9899,23050.9134,33832.4505,1464.4903,14.2687,1185.8134,119.3384,1144.0925,2290.347,1195.5464,679.2779,597.8856,68.7493,268.9439,264.62,1674.6298,1469.679,6103.124,14476.943,2037.9073,8451.4107,8898.0651,121.9328,2439.5201,1042.9143,1279.4293,1064.1012,540.4821,1.2972,1.2972,0.4324
TCGA-B0-5098-01,TCGA-B0-5098,Stage I,G3,1:DECEASED,52.04,1238.9381,1014.9762,442.1375,837.985,988.4207,937.3724,687.2022,2096.324,3793.0123,807.3519,1824.7107,809.3941,6252.2124,776.0381,6264.4656,2601.4295,15.6569,235.6773,32.3349,1038.8019,503.0633,99.7277,804.9694,1463.5126,9.5303,862.4915,503.4037,1998.2982,1461.5385,3699.115,3556.1879,580.6161,6009.5303,1106.1947,481.2798,1850.919,565.0102,1445.8816,1109.9387,320.9666,840.3676,8.1688,4.9898
TCGA-B0-5099-01,TCGA-B0-5099,Stage III,G3,1:DECEASED,15.93,2237.6315,2761.5894,302.2984,901.4414,1075.9642,883.9112,1491.2349,1552.3958,5771.5933,876.8991,747.9548,801.7141,2270.7441,19384.8851,100071.679,1825.0877,18.6989,424.6202,51.0323,712.5049,72.8477,668.8742,519.2832,797.1134,41.6829,443.319,201.1843,857.4211,2465.9135,3878.4573,39206.8563,3719.1624,6931.4375,16802.4932,122.3218,1337.3588,555.9018,1108.2976,918.1924,721.0752,0,5.0643,0.3896
TCGA-B0-5100-01,TCGA-B0-5100,Stage III,G3,1:DECEASED,62.84,2404.815,3485.9563,137.3161,611.235,873.8252,855.5506,746.3219,1442.2648,4437.7798,514.9354,866.6964,606.3308,2997.7708,19309.407,44365.5818,3309.407,5.7958,307.6237,20.5082,950.9585,86.9371,1055.2831,422.6482,1225.029,29.4249,1241.6407,68.658,1845.7423,592.9559,737.8511,22821.284,2404.7035,2461.4356,1483.7272,32.9915,3205.0825,778.4218,1777.0843,1204.1908,8.9166,117.2537,0,0
TCGA-B0-5102-01,TCGA-B0-5102,Stage I,G3,1:DECEASED,90.8,1573.5604,2724.8924,218.6213,707.8641,888.7668,710.4275,1003.0211,1406.9395,4977.2993,768.6533,1341.3897,659.1596,2414.7212,13728.4629,65496.2922,2941.6827,11.7184,129.2685,61.5216,896.457,75.8034,503.8909,492.5387,986.4543,39.9158,379.7492,110.9585,1895.8162,1691.8429,1390.4605,33026.8754,7268.732,15092.9232,5578.6872,99.9725,2035.3383,446.3975,1388.6295,1137.7827,747.7799,24.1692,0,0
TCGA-B0-5104-01,TCGA-B0-5104,Stage I,G2,1:DECEASED,90.41,1713.2593,4484.324,391.2476,1312.2142,857.9327,1027.7596,1286.4141,1537.8837,6355.4605,1080.6662,983.3442,738.4063,4835.0751,19015.676,35141.0843,2212.6061,4.8988,133.5728,625.0816,25441.2149,338.341,918.6806,716.1986,778.9419,69.2358,199.8694,101.8942,818.7459,2411.8191,6587.8511,14404.5689,3917.0444,11712.9327,3226.9758,36.5774,1936.6427,760.614,1222.0771,1435.0098,2388.3083,6.5317,7.1848,0
TCGA-B0-5106-01,TCGA-B0-5106,Stage I,G2,1:DECEASED,52.5,2717.3085,2123.5717,490.9014,1047.3974,660.1735,1258.1464,1733.3898,1823.1062,7819.835,950.0635,978.4173,725.7723,3191.2823,14837.4947,67258.5696,2089.7165,7.1942,34.7017,139.653,329.6657,35.9712,1487.0927,531.1045,1420.11,67.7105,245.4507,79.5599,1209.4795,2016.496,1334.744,14398.4384,1735.0317,3406.6864,4824.799,96.9107,1962.7592,863.7325,1571.7309,1698.6881,311.4685,0.4232,0.4232,0.4232
TCGA-B0-5107-01,TCGA-B0-5107,Stage IV,G4,1:DECEASED,30.45,1568.4729,2734.9754,363.4373,887.5753,1240.4992,373.5085,752.7094,1532.567,2163.052,264.9152,1033.8259,1248.8232,917.3508,455.8292,3349.7537,5187.9584,52.1073,3.0651,116.913,1444.9918,208.4291,299.0695,791.2425,1497.5807,79.6935,1714.7236,191.7898,1912.2058,1638.971,2532.2386,3885.7493,434.3558,7178.9819,5639.8467,43.3498,1910.8922,251.341,1697.6464,836.3437,914.2857,36.7816,18.8287,0
TCGA-B0-5108-01,TCGA-B0-5108,Stage III,G2,0:LIVING,58.54,1843.152,2539.5872,568.4803,1246.5291,650.6529,825.8912,1060.0375,1266.4165,9957.4897,1081.4259,1153.4709,529.4559,10546.7167,18226.6417,21059.2871,2222.8893,14.6341,2108.2326,712.1951,5370.3565,3565.4784,2867.167,705.0657,948.1689,104.6904,262.2889,129.4559,1413.5084,1812.3827,4015.7598,6850.6567,2236.4428,3456.2852,4236.0225,13.8837,2330.9568,1074.6717,1486.3039,1342.2139,91.5572,0.7505,0,0
TCGA-B0-5109-01,TCGA-B0-5109,Stage III,G4,1:DECEASED,19.28,927.7851,1200.7926,463.6724,1043.1528,1084.9802,798.3267,851.6072,1366.3584,5381.7481,643.7693,1188.0229,998.679,4124.1744,10744.6059,7891.2373,1341.2594,110.0837,3730.044,74.8569,974.9009,2343.461,826.5081,683.8397,847.5429,124.6147,977.5429,276.9705,1667.107,1031.2638,1441.2153,7283.6768,1099.476,7709.3791,3967.4152,21.5764,2183.6196,667.5473,1335.0947,1160.2818,536.7679,282.6948,171.2902,413.6107
TCGA-B0-5110-01,TCGA-B0-5110,Stage I,G2,0:LIVING,66.0,1820.5697,2757.6767,455.7899,1231.5945,766.1857,1121.3467,1510.9138,1576.3966,10814.8465,1968.5535,1465.4088,396.2264,3569.3674,31803.9216,51876.4336,1389.5671,66.5927,63.8476,294.4876,3698.8531,83.9808,1085.4606,756.9367,648.5276,101.3688,191.269,116.5372,1019.2379,2761.7462,1985.5716,36025.5272,1942.2642,4573.067,2674.8058,54.754,2282.2789,1081.391,1205.3274,1527.9319,86.9404,0,3.6996,0
TCGA-B0-5113-01,TCGA-B0-5113,Stage III,G2,0:LIVING,38.6,2369.1479,2946.7834,335.4665,1309.195,682.3846,1703.9407,1170.7646,1788.8178,8387.8713,1830.9195,1366.4534,502.8629,2504.2102,18949.1411,91093.7723,2367.4638,14.8198,66.4601,200.0674,640.2829,42.1017,1229.707,754.4628,703.0886,115.5271,188.2789,139.1041,1166.0492,4260.6938,2761.1991,32205.81,6795.3149,6765.5776,4867.969,37.0495,2201.7514,836.9821,1266.7565,1605.9279,2772.6507,0.3368,2.6945,0
TCGA-B0-5115-01,TCGA-B0-5115,Stage IV,G3,0:LIVING,52.69,2001.4237,2702.2602,379.071,1037.1952,598.3271,1286.3499,1903.1856,1740.1673,7896.9425,1112.6535,1110.5179,503.2924,3369.9947,27475.7074,62392.0093,3366.7912,10.6781,35.9495,60.509,2573.7676,133.8316,1025.4494,626.446,1118.3734,66.5599,172.9845,125.2892,1241.502,2777.0066,3279.2312,15546.0545,2129.7633,3911.7281,3196.6542,50.5428,2415.7323,859.2276,1153.942,1277.8074,791.5999,4.2712,4.2712,0.3559
TCGA-B0-5116-01,TCGA-B0-5116,Stage III,G3,0:LIVING,41.85,1314.8676,2401.6293,376.3747,922.6069,624.8473,733.1976,654.9898,1157.6375,9023.1853,648.4725,1727.0876,483.0957,2997.9633,24710.7943,47159.6741,3466.8024,4.888,30.1426,48.8798,359.2668,49.6945,1179.2261,825.6619,521.6456,43.1772,473.3198,156.8228,1571.0794,1278.2077,2755.6008,18421.3401,3093.6741,7138.9002,5021.9959,101.4257,2266.3951,639.9185,1254.9898,532.7902,1858.6558,0,0.8147,0
TCGA-B0-5117-01,TCGA-B0-5117,Stage I,G2,0:LIVING,52.83,1894.4806,857.5082,494.2922,1152.1235,695.1941,1498.8018,1662.9534,1676.4285,5114.3747,573.3055,1234.8118,832.3954,3370.0071,8358.8672,4974.1599,7976.6635,4.9,11.6376,44.7129,169.0516,20.8252,865.4707,573.918,820.5006,8.5751,565.9554,32.4628,628.431,607.6058,234.5897,7054.1072,527.784,11044.0928,1939.1935,55.738,1246.4494,653.5437,2641.1252,1963.6937,0,486.3296,0.6125,0
TCGA-B0-5119-01,TCGA-B0-5119,Stage I,G2,0:LIVING,50.99,1079.1329,3159.3976,339.8625,1076.3472,848.9597,719.422,853.4866,1326.0207,7937.2578,1266.4751,1213.894,515.7134,2061.1126,28305.0405,41665.535,2345.2599,7.6608,8.3573,86.3585,1059.6326,22.6343,729.5203,524.7671,614.6043,37.2595,270.5667,149.038,1012.623,2169.4089,1657.8741,46562.145,2312.1476,4071.7333,4976.7563,101.3319,2445.8954,632.7152,1127.1873,1170.0183,332.8981,0,2.0893,0
TCGA-B0-5120-01,TCGA-B0-5120,Stage I,G2,0:LIVING,38.4,1839.6719,2753.915,352.349,934.0045,653.2438,774.4221,1275.9135,1379.1946,7431.2864,1209.918,894.1089,523.8628,2507.83,37573.0798,43710.6637,2294.9292,155.8538,204.3251,569.7241,1947.8001,373.9746,1433.2588,630.1268,756.1335,88.7397,293.4377,287.8449,1105.8911,1942.2073,1982.4758,28416.8531,4997.6249,3829.2319,9748.3221,115.5854,2957.4944,774.7949,1358.6875,1236.3908,1664.0567,0.3729,0.3729,0
TCGA-B0-5121-01,TCGA-B0-5121,Stage I,G2,0:LIVING,48.78,1257.2774,1838.1849,339.8973,1011.9863,606.1558,798.3733,1159.6747,1073.6301,8433.9769,931.5068,1099.7432,542.3801,3482.8767,47455.9075,29265.839,2571.0616,5.5651,14.1267,59.0753,2771.8322,26.9692,1010.7021,601.8836,858.4546,51.7979,388.2705,115.5822,1190.0685,1441.7808,1452.0548,13954.649,1619.0539,4093.3219,4789.3836,112.5856,3525.2568,752.9966,1298.3733,1071.0616,469.6062,5.5651,5.137,0.8562
TCGA-B0-5399-01,TCGA-B0-5399,Stage I,G2,0:LIVING,46.35,1622.105,1656.8005,390.5929,999.7317,648.842,1035.858,1314.8529,1470.8039,4640.2361,788.3394,1041.9387,665.6532,1908.2536,16911.0257,43278.5478,2862.5592,74.7563,16.8112,162.0317,3938.8357,59.3758,919.9678,708.2178,934.9835,59.3758,291.1562,110.1672,1012.9661,2715.1927,2120.7189,12627.3987,2472.0057,4100.5097,1744.4335,44.7107,1590.6286,512.5637,1231.8698,1120.2718,745.7748,1.0731,21.1035,0
TCGA-B0-5400-01,TCGA-B0-5400,Stage III,G4,0:LIVING,56.93,2058.5463,2429.1739,135.9464,771.0246,923.8353,519.9702,351.7738,1195.2369,2830.0571,608.2858,769.5361,898.5363,2506.5741,9187.2984,16870.7517,4826.0977,11.9077,3298.452,253.5351,5789.6304,1335.6487,618.2089,563.6319,1103.1853,24.8077,600.3473,85.3386,1657.157,916.3979,1268.6678,25841.9846,540.3126,6781.94,12565.6165,179.608,1975.1923,469.8586,2364.6738,752.6668,43.6616,30.7616,5.4577,6.45
TCGA-B0-5402-01,TCGA-B0-5402,Stage IV,G4,0:LIVING,42.38,1942.5795,2905.477,452.2968,1108.9517,906.066,969.0813,714.3698,1516.49,7353.8634,1485.8657,1155.477,618.669,2424.9117,30358.0683,32668.7279,2333.3333,5.8893,85.9835,113.9576,434.629,38.8693,1040.9305,649.5878,616.0188,79.2108,160.4829,131.9199,549.1755,2787.1025,3101.2956,4728.778,8576.0159,6922.5559,3764.1343,70.3769,2036.808,666.9611,1115.7244,1085.689,2372.7915,0,0.5889,0
TCGA-B0-5690-01,TCGA-B0-5690,Stage I,G1,0:LIVING,111.43,2069.7299,2140.266,604.1919,1508.2628,828.6981,794.4377,898.8311,1704.9577,15634.1878,1444.1757,1331.318,488.9158,4217.2511,43685.6106,36305.522,2079.4035,5.2398,27.4083,75.7759,3045.1431,29.0206,1455.0584,645.3043,774.5385,104.7965,302.7005,182.5877,1324.0629,1597.3398,2160.0161,20929.081,2714.1274,3700.524,4167.6743,210.399,1898.025,1266.8279,1521.5639,1677.1463,676.3402,0.4031,7.6582,0.4031
TCGA-B0-5691-01,TCGA-B0-5691,Stage I,G3,0:LIVING,112.71,2029.703,2909.2409,485.6986,1393.2893,839.3839,1016.5017,1144.6645,1395.4895,10007.5523,1578.6579,1636.9637,444.4444,3827.8328,31392.1892,29534.659,1727.1727,6.0506,15.4015,76.4576,1048.4048,42.3542,1085.2585,569.857,586.0121,47.8548,216.7217,136.9637,879.538,1948.2948,1137.5138,17092.4092,2898.8559,6208.4708,2129.813,42.3542,2933.4433,1436.1936,1772.2772,2039.0539,1348.7349,36.8537,595.7096,984.4004
TCGA-B0-5692-01,TCGA-B0-5692,Stage III,G3,0:LIVING,129.57,2359.4072,1180.3211,367.641,720.4611,878.9625,623.7135,797.8592,1517.9086,3959.9959,973.6517,792.9189,1086.867,1151.9144,9690.8193,25288.5961,3576.7806,15.6443,6.5871,138.3285,1627.4187,8.6455,1206.2577,616.7147,940.5846,104.5698,522.8489,188.9667,1293.1247,1241.6632,870.7287,12801.9967,1869.7159,6140.387,3345.8213,121.0375,1546.727,403.4582,1150.2676,964.1828,163.4417,0,17.7028,0.4117
TCGA-B0-5693-01,TCGA-B0-5693,Stage I,G2,0:LIVING,133.84,1171.9597,2459.3338,366.7699,948.8768,730.4415,782.3393,864.0589,1336.9481,10193.873,1373.354,1044.1518,522.4632,3335.0116,30265.2982,40032.9202,2354.7637,1.5492,59.2564,49.9613,1554.6088,38.7297,1099.1479,694.8102,813.7878,80.1704,283.5012,223.8575,1161.5027,2107.6685,3988.7684,25478.1758,1671.4369,4244.3842,7588.6909,65.8404,2527.4981,793.9582,1005.4222,1223.8575,357.4748,0.7746,0.7746,0
TCGA-B0-5694-01,TCGA-B0-5694,Stage III,G3,1:DECEASED,15.77,1515.3802,1851.4219,262.3331,877.5392,813.1167,635.5194,592.5711,1434.7069,7033.5577,936.7382,992.455,477.6553,3033.0818,16086.4771,34892.6291,3666.8601,13.3488,17.9919,316.3088,1367.9629,114.3355,1427.7423,493.3256,726.8253,71.9675,213.581,112.5943,995.3569,1265.2293,1684.852,18084.6315,5803.1805,4504.3529,2454.4399,89.379,2278.5839,594.8926,1244.3413,1103.8886,565.2931,5.8038,4.6431,7.4463
TCGA-B0-5695-01,TCGA-B0-5695,Stage I,G2,0:LIVING,70.63,1412.4828,3021.5169,275.599,959.2553,873.4931,755.9896,945.5211,1459.4842,8681.3887,1056.0049,1183.2748,550.2823,2441.935,26939.4171,40561.8801,3528.7655,2.7468,80.879,61.6512,9238.8219,402.5637,874.1035,497.4821,777.6347,68.6708,276.8198,85.7622,1201.8923,1442.0815,5615.4433,43659.6612,1840.9004,3840.6837,7789.1042,96.1392,2112.315,642.4538,1184.1904,1105.1427,346.101,0.9156,72.9437,165.3838
TCGA-B0-5696-01,TCGA-B0-5696,Stage III,G4,0:LIVING,85.71,884.5743,2864.6242,229.7827,719.6295,789.8112,445.3153,385.8212,1290.3456,7919.1129,928.0371,951.9059,670.8229,2030.2814,16760.2423,29050.5878,3701.1044,0.3563,22.0876,48.0941,1637.6915,52.7253,1168.1511,552.9035,728.2472,34.5565,249.7328,81.2255,1447.4528,862.8429,1760.9548,35127.2818,1452.1304,4888.1368,3129.6758,161.7385,1976.8436,362.3085,1080.1568,668.3292,153.901,1.0688,29.9252,25.6502
TCGA-B0-5697-01,TCGA-B0-5697,Stage I,G2,0:LIVING,86.4,1151.3958,3137.6732,517.7289,1360.9147,1083.6854,647.72,636.222,1511.6661,7332.7877,772.9203,1670.0828,753.1182,5417.4688,9718.0358,7581.6457,2345.5896,25.8705,20.7603,300.864,1033.222,153.6259,786.9734,701.6967,792.0038,54.6154,334.0804,127.436,1292.5655,1212.0796,1068.0354,16671.3707,1542.2571,14735.3107,12050.2111,163.2076,1855.3282,920.1584,1728.8503,1725.0176,2305.0273,4027.4898,36.4103,59.6937
TCGA-B0-5698-01,TCGA-B0-5698,Stage I,G3,0:LIVING,119.28,760.7973,2245.8472,207.6412,950.1661,626.2292,594.6844,780.7309,740.8638,7780.5814,737.5415,975.0831,689.3688,5194.3522,20380.3987,10425.2492,2606.3123,41.5282,79.7342,234.2193,9013.289,102.99,759.1362,581.3953,510.3488,116.2791,455.1495,98.0066,863.7874,1229.2359,4337.2093,9111.8937,3613.0565,9897.01,7066.4452,28.2392,1827.2425,463.4551,1031.5615,875.4153,390.3654,1.6611,1.6611,1.6611
TCGA-B0-5699-01,TCGA-B0-5699,Stage I,G2,0:LIVING,126.18,1301.5929,4455.2212,322.8319,922.1239,881.4124,935.5752,1291.6814,1250.2655,5776.5451,1008.8496,1569.2035,593.6283,1891.6814,16820.177,22612.7434,2606.0177,7.4336,0.708,99.115,2841.4159,35.7522,687.0796,583.7168,644.9628,65.1327,253.4513,123.8938,913.2743,2365.6637,2001.0619,17327.7876,2245.9965,9341.2389,1557.5221,60.885,1751.1504,726.3717,1294.1593,1216.2832,720,1.4159,12.7434,2.4779
TCGA-B0-5700-01,TCGA-B0-5700,Stage I,G2,0:LIVING,58.8,1335.2501,1656.6993,197.8148,791.2593,837.257,385.2789,770.5578,1571.5929,8733.709,480.161,468.0851,646.3485,2255.3191,25091.4319,19096.0322,4748.7062,36.8028,79.931,151.8114,4622.1967,43.1282,986.199,428.4071,882.8177,19.5515,487.6366,126.5095,1098.3324,708.4531,5517.5388,26880.4428,867.0328,4714.2036,17192.0644,116.7338,1709.6032,303.0477,1218.5164,592.8695,1159.862,0.575,25.3019,51.7539
TCGA-B0-5701-01,TCGA-B0-5701,Stage III,G4,0:LIVING,80.85,720.6143,1265.8004,272.2977,722.3863,873.0065,525.1034,561.7247,759.5983,4502.0142,1501.4767,1606.6155,475.4873,1332.5458,9453.0419,11895.4519,4556.4087,4.7253,10.0413,23.036,93.3255,15.3574,1437.6846,681.0396,594.8671,43.1187,262.847,136.4442,1033.668,1300.6497,714.117,13987.596,4465.0738,15076.7868,5402.8352,79.1494,2091.5535,570.5848,958.0626,961.0159,1144.7135,1.1813,0,0
TCGA-B0-5702-01,TCGA-B0-5702,Stage I,G2,0:LIVING,71.35,3809.1822,276.901,133.429,298.4218,511.5782,140.6026,416.0689,3350.0717,9383.0703,147.7762,327.1162,130.5595,152.0803,7298.4218,2746.0545,4856.528,0,24.3902,51.6499,771.8795,1.4347,905.3085,14.3472,3275.4663,4.3042,593.9742,131.9943,262.5538,41.6069,35.868,54370.1578,553.802,1461.9799,1989.957,107.604,1216.6428,272.5968,2285.5093,230.99,21.5208,812.0516,17.2166,8.6083
TCGA-B0-5703-01,TCGA-B0-5703,Stage I,G3,0:LIVING,73.78,1368.3406,1529.4418,264.5934,702.5236,1036.9564,601.5804,902.8804,1372.4191,4285.9546,791.2312,664.7973,1039.0008,2728.0143,17961.764,27180.2192,3734.8968,3.5687,69.8445,46.3931,892.6842,52.5108,507.2648,563.3444,663.1557,85.1389,563.3444,148.3559,1382.6153,1130.2371,4472.5975,19312.4089,3843.5024,4265.1032,7484.5781,183.0232,2185.0625,486.3625,1375.9878,1185.8272,1825.1338,26.5103,36.1968,0
TCGA-B0-5705-01,TCGA-B0-5705,Stage I,G2,0:LIVING,149.05,1087.7963,2801.5803,318.7006,1155.1068,823.2338,1075.2122,971.9052,1365.5253,7851.8115,1535.5575,1149.2537,465.6131,1953.468,21280.6555,32403.2777,2388.0597,11.9988,1.7559,76.9681,5915.7155,2.6339,638.8645,589.6986,699.9824,63.2133,191.396,167.1056,979.5142,1838.4548,2970.4419,28291.1911,2141.6272,5228.2704,3083.9918,93.3567,2184.9576,489.6108,1190.8107,1107.9895,2087.211,0.878,11.9988,0
TCGA-B0-5706-01,TCGA-B0-5706,Stage II,G2,0:LIVING,105.29,1194.7891,2787.8412,276.6749,1100.4963,1421.8362,677.4194,576.9231,1105.4591,5208.3127,843.6725,735.732,609.1811,5171.2159,30524.8139,70441.6873,2570.7196,2.4814,8892.3449,58.3127,198.5112,71.9603,1179.9007,650.1241,885.9181,59.5533,306.4516,218.3623,869.727,2102.9529,1779.1563,51894.5409,7120.1861,8115.3846,15222.0844,110.4218,1455.335,908.1886,892.0596,1310.1737,285.3598,0,0,0
TCGA-B0-5707-01,TCGA-B0-5707,Stage I,G3,0:LIVING,123.0,1228.6263,3811.7195,628.7224,1305.4755,1581.6475,441.8828,508.6455,1456.292,6477.8866,457.7329,1717.5793,1279.0586,6431.316,3718.5399,363.5927,2725.2642,16.8108,18.5159,180.1153,868.3958,224.7839,270.4131,459.6542,1158.4438,17.7714,516.3305,82.757,1432.2767,729.5869,1346.3016,9778.05,751.2008,20586.9356,20090.7781,392.8915,1229.5869,785.3026,2637.8482,1740.1537,1648.415,9300.6724,73.9673,130.1009
TCGA-B0-5709-01,TCGA-B0-5709,Stage III,G3,0:LIVING,130.55,1655.9111,3535.5939,475.7449,1235.3428,1041.9151,1050.1946,809.5633,1284.3886,7842.6455,1496.2055,1689.6301,556.6706,2988.7325,21190.8796,14934.4663,2023.7551,15.6334,101.7702,456.4331,2062.9918,72.9557,1599.5083,684.8029,527.8929,110.9663,301.9386,180.5501,1475.974,1498.3512,3083.1458,21250.5715,3205.273,8856.7638,3356.883,59.4681,2403.8605,1185.9904,838.3778,1613.609,911.9466,10.1157,14.1007,23.9099
TCGA-B0-5710-01,TCGA-B0-5710,Stage I,G2,0:LIVING,79.83,1849.8759,3180.3143,478.9082,1397.0223,665.8395,1098.0149,851.1166,1483.871,11745.1406,1713.3995,1346.5674,573.201,4220.4301,32325.062,38283.7179,1550.0414,2.895,3.3085,58.7262,1232.0099,37.2208,1512.8205,708.0232,495.4508,115.3846,171.6294,145.9884,1317.2043,1873.4491,1933.8296,16881.1414,1373.3375,4404.8801,4873.0356,166.2531,2407.775,1238.2134,1260.1323,1771.2986,220.4301,0,0.4136,0
TCGA-B0-5711-01,TCGA-B0-5711,Stage III,G3,0:LIVING,131.04,1488.8732,3122.2183,386.4359,1022.9601,772.8718,1029.3183,1135.6411,1191.0986,8897.4673,1544.3306,1264.5708,385.023,2974.9205,25724.479,49511.8333,2076.6514,6.3582,12.3631,61.4624,2011.6567,46.6266,944.5426,630.8725,426.8032,81.5966,144.1187,165.3126,1115.8601,2177.3225,1550.6888,34213.9103,3670.4451,6791.2398,2626.6337,75.9449,2354.9982,887.6722,1050.8654,1400.9184,1922.2889,2.4726,7.4179,0
TCGA-B0-5712-01,TCGA-B0-5712,Stage IV,G3,0:LIVING,89.42,1132.2634,2664.822,87.0688,755.5802,693.23,930.8246,856.6685,1007.9321,5315.5359,1293.4883,935.6207,527.5779,1158.8268,8449.7325,22047.5927,2976.5726,3.3204,6.6408,123.5934,6302.5272,22.1361,354.1782,511.7137,713.3038,59.0297,236.1188,215.4584,1012.3593,1666.1133,1019.7381,14078.2144,4722.3058,8202.9146,6237.2256,177.827,1985.9804,290.7213,1479.8008,1194.9825,286.663,3.3204,0.7379,0
TCGA-B0-5713-01,TCGA-B0-5713,Stage III,G3,0:LIVING,91.39,845.5258,3152.8413,257.0216,1064.0105,623.7753,1113.3246,840.627,1107.7727,9800.405,1434.3566,1160.0261,437.2959,2606.7929,20022.5343,34803.3965,1627.0411,10.4507,25.4735,75.4409,3155.7805,20.5748,963.7492,774.0039,649.6473,73.1548,175.7022,146.9628,1090.1372,1879.8171,2390.921,31030.5487,3019.2227,4691.3782,6184.1933,179.2946,2225.6695,657.0869,1060.418,1248.2038,1306.0091,0,43.1091,0
TCGA-B0-5812-01,TCGA-B0-5812,Stage I,G3,0:LIVING,125.95,1109.3839,3349.7505,472.879,918.9233,584.4719,1012.8446,946.4125,1153.8902,12092.8446,1559.3553,1584.5537,416.9189,4649.9223,41500.45,32868.8538,1937.3313,43.8518,76.5769,227.7673,2749.8977,50.724,1328.6427,774.9325,594.9341,69.0502,201.2599,144.3181,1194.4694,1558.3736,1496.1957,21349.7505,2985.6991,6027.3255,2206.3323,21.9259,2818.9479,1143.4181,1199.3782,1336.1695,358.6681,2.2908,13.7446,21.5626
TCGA-B2-3923-01,TCGA-B2-3923,Stage II,G2,0:LIVING,32.59,1486.2118,1444.1008,758.5124,1713.2007,615.2321,2555.4216,1694.1993,1701.9026,6893.2549,902.8198,2034.6826,551.0385,4668.1637,6212.4066,5943.3067,4818.6336,7.1897,13.8658,83.7085,133.5228,23.1097,979.8522,791.3796,604.576,22.5962,250.0985,34.9214,688.1561,1414.8233,394.4059,4421.3775,3047.5714,12868.0063,1529.8635,7.1897,1395.3136,1254.6011,2383.3826,2599.5868,0.5135,100.1421,3.0813,0
TCGA-B2-3924-01,TCGA-B2-3924,Stage I,G2,0:LIVING,35.87,889.1892,2298.4556,387.6448,1035.9073,615.444,1294.2085,963.7066,1102.3166,6862.8919,1184.9421,920.4633,455.5985,2485.3282,12064.8649,34162.9344,2948.2625,23.166,5.0193,103.4749,725.8687,30.5019,796.139,789.1892,688.8649,105.7915,306.5637,185.3282,1178.7645,2199.2278,2512.7413,17632.8185,3973.2896,6966.0232,4533.9768,122.0077,2133.5907,731.6602,1032.0463,1241.6988,1945.9459,0.3861,1.5444,0
TCGA-B2-4098-01,TCGA-B2-4098,Stage I,G2,1:DECEASED,1.68,1200,2231.6151,676.2887,950.5155,640.5498,821.9931,1589.6907,2123.7113,5850.0825,958.7629,1920.9622,942.9553,15605.4983,3129.2096,1526.4605,2380.0687,27.4914,71.4777,298.9691,886.5979,3244.6735,271.4777,703.0928,1128.9278,45.3608,238.488,162.1993,1391.0653,2148.4536,1775.2577,3591.354,607.5601,7903.7801,5208.2474,28.1787,1913.4021,871.4777,1620.6186,1669.4158,1058.4192,826.8041,2.7491,0
TCGA-B2-4099-01,TCGA-B2-4099,Stage I,G3,0:LIVING,31.93,738.7773,2045.746,418.1274,539.5468,441.2142,682.7704,772.1248,1047.4562,7585.233,587.8581,690.466,377.0842,1499.3587,10797.3493,34950.8337,3722.1035,41.8982,77.811,324.4976,14391.1928,361.693,887.9863,611.7999,887.0415,111.5861,450.1924,79.9487,1375.8016,1608.3796,3520.7354,12690.637,792.6293,3749.0381,3840.1026,129.115,1711.4151,333.4758,1045.3185,492.5182,16.2463,2.5652,3.8478,0
TCGA-B2-4101-01,TCGA-B2-4101,Stage II,G3,0:LIVING,21.29,2190.0621,3314.2857,561.9048,1202.0704,704.7536,1125.8799,1673.706,1803.3126,8575.3789,1419.4617,1414.0787,578.4679,2836.853,17196.6874,54409.1097,1845.1346,20.2899,7.4534,40.5797,472.4638,159.0062,1034.7826,649.2754,1059.0932,77.0186,187.9917,152.381,977.2257,3992.5466,1482.8157,14939.5776,3807.5942,5386.7495,3766.4596,65.8385,2406.2112,861.2836,1295.2381,1340.3727,869.5652,39.7516,4.9689,0
TCGA-B2-4102-01,TCGA-B2-4102,Stage I,G2,0:LIVING,31.27,2065.5504,3014.2501,505.8782,1354.1147,723.5483,1048.8066,1633.0602,1572.1411,6844.4567,1418.9526,1505.1657,512.647,1909.8682,18626.6477,50547.2034,1728.5358,49.8753,2.4938,227.6452,835.4115,42.0378,1087.638,698.2544,840.6234,80.8693,204.1325,175.9886,992.875,2790.1674,1603.8475,30325.3545,3551.6673,7319.9145,3263.6266,31.7064,2235.839,863.9116,1112.2195,1494.8343,3294.6206,3.5625,0.3563,2.1375
TCGA-B2-5633-01,TCGA-B2-5633,Stage I,G2,0:LIVING,31.64,1945.1456,2322.3301,293.6893,1351.9417,852.9126,973.301,704.8544,1550.4854,10927.9806,1774.7573,1264.0777,520.8738,3208.7379,26251.4563,30582.5243,1700.4854,16.0194,15.534,60.1942,531.068,39.8058,2434.9515,614.5631,660.0583,76.2136,258.7379,259.2233,1276.699,2543.2039,1328.6408,23226.699,6683.1214,2607.767,3962.6214,30.0971,2918.4466,1135.4369,1183.4951,1570.3883,3926.699,4.8544,0.9709,0
TCGA-B2-5635-01,TCGA-B2-5635,Stage I,G2,0:LIVING,24.8,2216.3233,2650.1585,437.401,1258.7163,843.8986,1171.9493,1269.0174,1677.8922,8425.9865,1175.9113,1187.401,532.0919,1803.8827,18720.2853,40748.8114,2509.9049,20.206,5.8716,134.3106,772.5832,17.0365,1856.1807,622.8209,830.0713,76.0697,263.8669,156.8938,1315.3724,2098.649,1419.1759,35448.8906,2730.4279,7258.3201,4233.3597,49.5246,1873.2171,793.1854,1910.0634,1601.8225,1851.0301,0.7924,0,0
TCGA-B2-5636-01,TCGA-B2-5636,Stage I,G2,0:LIVING,30.19,2084.1656,2812.0405,324.0794,1459.4747,1067.5994,936.1051,632.5135,2109.1235,15771.2745,1423.7142,1763.8113,641.8262,2549.7969,44857.0559,43024.3311,1760.8313,32.4079,44.3281,45.0731,314.0217,76.3635,2180.6445,525.2321,583.4993,76.3635,240.2657,120.6916,1495.2352,1515.723,1509.3904,56467.6652,5506.7009,5036.268,3786.1411,88.6562,2940.9272,1433.3994,1919.5184,2400.4224,29.0554,3.3525,0,0
TCGA-B2-5639-01,TCGA-B2-5639,Stage IV,G3,1:DECEASED,32.95,1329.7568,2615.8798,134.4778,1140.9156,761.0801,658.083,744.6352,1231.0443,5565.0215,862.6609,1186.6953,507.1531,1619.4564,6042.9185,13734.6209,2687.4106,34.3348,10.7296,342.6323,2445.6366,61.5165,888.412,680.9728,651.073,82.9757,339.0558,128.0401,944.9213,1181.6881,1022.8898,6499.2847,6294.3491,12729.6137,2515.7368,108.0114,1612.3033,419.8856,805.4363,691.7024,2848.3548,3.5765,15.7368,105.8655
TCGA-B2-5641-01,TCGA-B2-5641,Stage I,G3,0:LIVING,21.55,1901.5317,1946.3895,207.1481,1378.9205,1054.7046,916.1196,700.9482,1823.8512,7345.31,1146.973,985.7768,459.8833,2094.0919,11803.0635,19127.2794,1339.1685,38.6579,7.2939,111.5974,509.4821,17.1408,1336.2509,681.6193,688.6178,74.3982,260.3939,203.8658,1179.7958,1766.229,1730.4887,21669.3946,6920.485,10444.9307,2727.9358,195.8425,1871.2619,884.391,1198.3953,1299.0518,1447.4836,24.7994,0.7294,0.3647
TCGA-B2-A4SR-01,TCGA-B2-A4SR,Stage II,,0:LIVING,16.66,2673.2234,3891.2352,342.1078,1217.6261,729.7271,1106.5471,1309.0348,1797.3194,10966.1903,1088.0339,1426.6705,730.4985,2370.8418,44847.7485,81633.7865,1636.4864,12.7278,17.3561,26.6127,240.6711,45.8972,953.0421,680.3587,947.5846,77.5239,208.2731,165.4614,919.1013,2556.3591,979.2691,32001.6199,4981.1513,4810.3365,3740.0444,48.597,2099.3154,1093.4336,1300.1639,1664.6418,4.6283,1.9285,0,0
TCGA-B4-5377-01,TCGA-B4-5377,Stage IV,G3,0:LIVING,11.99,1709.792,4592.5926,185.9462,1005.3272,980.7204,851.3445,843.7341,1321.6641,7011.8037,1093.6073,1378.7418,713.0898,3010.6545,20027.1436,16093.0999,2149.9239,5.0736,13.1913,57.8387,7707.7626,34.5003,519.0259,787.4176,760.3983,18.5185,284.3734,162.1005,855.9107,2863.7747,4158.0416,33439.2719,7096.4231,9427.448,4370.624,79.1476,2105.2765,631.1517,1016.4891,1118.4678,1808.9802,2.2831,33.4855,2.2831
TCGA-B4-5378-01,TCGA-B4-5378,Stage I,G2,0:LIVING,5.75,2068.5512,4107.2171,304.09,1065.7013,866.6718,1094.6623,1088.1923,1345.1436,11347.6731,1180.0046,1544.1731,678.7337,3491.3348,44359.8552,48170.6847,1529.3846,16.021,21.5667,54.2248,293.3066,32.9662,1232.0727,614.6499,706.9244,48.0629,337.0562,176.5386,1087.268,1560.8103,1645.5365,18976.5878,2083.0132,4439.9599,11969.4986,53.9167,4779.4809,1225.2946,1962.5664,2029.7312,11.7076,19.41,0.3081,0.6162
TCGA-B4-5832-01,TCGA-B4-5832,Stage III,G2,0:LIVING,5.09,56.3782,7481.8912,1070.4728,373.2382,67.7966,2591.2578,333.2739,88.4924,8151.1722,1843.3541,3229.9732,42.1053,13517.2168,14858.876,4697.9483,439.6075,0.7136,42.8189,23.5504,792.8635,189.8305,140.5888,2507.0473,126.4371,103.479,37.1097,156.289,396.7886,3317.0384,643.711,13790.5442,957.0027,17706.3336,743.6218,70.6512,8135.5932,1271.7217,126.3158,1117.5736,444.603,0.7136,1.4273,0
TCGA-B4-5834-01,TCGA-B4-5834,Stage I,G1,0:LIVING,1.25,1574.5176,3034.6431,376.9666,1094.3192,761.9933,978.0671,880.7254,1460.7456,10700.6991,1165.0004,1165.6204,607.9206,3625.5134,41549.7171,22963.9619,2204.7586,3.7201,5.2701,18.9103,558.3198,31.6206,1125.0097,530.1093,559.7427,55.181,189.7233,113.462,1104.8593,1342.6335,2046.3458,14343.765,2174.6819,4399.597,5584.1277,53.6309,3130.1248,975.2771,1248.7019,1437.8052,680.1519,1.24,0,0
TCGA-B4-5835-01,TCGA-B4-5835,Stage I,G2,0:LIVING,0.53,545.5082,2253.8978,378.4292,826.9043,1840.8945,980.9444,602.8184,1103.7519,3662.9918,902.4082,1887.5977,869.9627,10593.5926,6403.8838,2062.5606,3508.3543,2.7291,15.7679,51.5489,3715.1562,25.7744,190.7308,782.0264,538.1852,11.5227,1001.8671,569.16,642.2381,877.2402,2870.0582,1482.4662,1105.8594,6968.1921,3124.467,171.3241,1431.542,392.9842,908.4727,544.5985,946.3763,268.6605,64.5877,137.217
TCGA-B4-5836-01,TCGA-B4-5836,Stage I,G2,0:LIVING,4.63,918.5456,3433.5635,376.404,1212.0809,782.7606,736.5005,895.9148,1068.6413,9016.9565,1186.7876,1436.3924,344.4546,3187.6196,26504.3681,24837.0081,2452.7831,3.6609,28.6213,42.932,1326.8991,28.6213,1456.3608,719.1946,386.2484,74.2158,303.1866,188.7012,1028.3717,2287.0455,1880.6889,33477.3276,5808.4766,9349.1971,3452.2007,104.5012,2651.8013,767.7843,961.8105,1272.3188,1176.1378,3.6609,1.3312,0
TCGA-B4-5838-01,TCGA-B4-5838,,G2,0:LIVING,5.45,966.7674,2899.0073,198.5326,1166.1631,881.312,694.4325,637.4622,1063.8757,7710.8114,1370.738,1899.4389,342.6845,2895.123,18688.3902,14788.9512,1713.4225,1.2948,11.653,25.464,258.9555,23.306,531.2905,768.2348,295.6539,33.2326,205.4381,242.9866,1359.9482,1470.4359,1156.2365,16981.5451,7418.442,14580.0604,3643.5045,31.9379,2054.8123,897.7126,1145.4467,1115.2352,2752.6975,6.4739,7.3371,22.8744
TCGA-B4-5843-01,TCGA-B4-5843,Stage I,G2,0:LIVING,0.36,953.4979,2783.1276,327.572,1011.1111,604.9383,1116.8724,1038.6831,1002.0576,6453.0412,1038.6831,1567.0782,501.2346,2564.1975,19937.8601,35158.4362,1858.8477,0,5.3498,9.8765,784.3621,69.5473,688.4774,654.7325,421.6667,45.679,191.7695,265.8436,932.9218,1777.3663,965.0206,35990.9465,3303.4156,13082.3045,3450.2058,43.6214,2946.0905,795.0617,954.321,1161.7284,946.0905,1.2346,0.823,0.4115
TCGA-B4-5844-01,TCGA-B4-5844,Stage II,G1,0:LIVING,0.23,1009.7554,3554.1278,379.3181,1146.6266,694.9138,732.9964,909.4585,1203.185,11094.0179,1268.0386,1430.1726,457.3687,4020.5458,41632.9909,33551.5544,1804.2119,4.1476,21.8692,26.3939,814.4405,25.6398,1079.5107,717.1601,474.3098,64.4765,176.085,121.412,961.8693,1758.5882,1399.6311,60891.9632,3086.4014,7436.6711,3141.6287,87.4769,2231.4161,951.6888,1145.1184,1454.3041,1527.453,0.7541,0,0
TCGA-B8-4143-01,TCGA-B8-4143,Stage IV,G3,1:DECEASED,23.29,1639.206,1390.0744,329.5285,742.4318,1497.7667,886.8486,1534.4913,1645.1613,6735.2655,517.1216,1342.928,716.129,2781.1414,13453.1017,67993.5484,2314.6402,33.7469,285.3598,91.3151,323.0769,60.5459,1218.8586,709.1811,1694.7543,124.0695,517.6179,278.9082,1759.8015,2412.9032,3736.4764,15717.9057,2678.0149,7296.2779,4784.1191,41.6873,1853.1017,851.1166,998.5112,1227.7916,268.9826,0.9926,1.4888,0.9926
TCGA-B8-4146-01,TCGA-B8-4146,Stage I,G2,0:LIVING,16.79,143.4212,5490.1291,326.1125,496.4251,132.75,3008.0034,623.6261,176.7154,5889.9285,2474.4424,2313.0936,101.59,6460.7833,16109.7001,27972.2548,681.6775,3.4148,93.9067,87.504,1117.0633,243.3038,160.922,1811.5463,168.4644,97.7484,73.8448,502.401,435.8126,5269.444,862.2346,46696.1007,2046.3131,23425.0347,1901.1845,41.4043,4801.622,1567.8156,250.5602,1387.2586,44.3923,0,0.8537,0
TCGA-B8-4148-01,TCGA-B8-4148,Stage I,G3,0:LIVING,49.93,2069.7071,3716.3515,538.0052,1395.9956,782.7215,1137.5603,1400.8157,1788.2833,7217.1598,1046.3478,1397.4787,627.3637,2441.231,21127.5491,45081.2013,1762.6993,97.5158,3.7078,45.977,2249.1657,10.7527,745.2725,780.1261,1092.2951,80.8306,295.1428,171.3014,1027.4379,3785.317,2399.3326,27910.6859,3166.4071,5073.4149,3329.2547,129.403,2681.498,863.5521,1258.0645,1461.9948,1007.4156,7.7864,10.0111,0
TCGA-B8-4151-01,TCGA-B8-4151,Stage III,G2,0:LIVING,42.67,673.5475,2333.7586,159.1094,530.6738,528.8183,459.7008,912.4435,1073.8722,5899.9977,545.0539,837.2956,481.503,1776.18,12896.2078,28055.2012,3333.8745,3.2471,3.711,12.9885,1580.8883,23.6577,600.2551,562.2173,750.0916,38.9656,305.2302,40.3572,904.5576,1449.6115,2750.7828,16694.8533,2501.3336,5808.6513,8015.3079,89.0641,2086.9767,260.2343,905.0215,599.3274,1585.991,0.4639,0.9278,0
TCGA-B8-4153-01,TCGA-B8-4153,Stage III,G3,0:LIVING,25.03,1584.0022,2196.1638,288.3961,728.6084,736.2209,664.9435,1080.6693,1131.2747,5341.2379,645.8985,809.1416,653.5165,2581.9616,21012.1072,44670.9291,3504.2851,3.809,10.8829,164.8755,8969.664,123.5206,729.6966,567.5418,1154.7925,52.7819,497.3473,60.9441,934.8388,1496.395,1625.3571,26871.9521,2481.7957,6010.0667,6720.1741,183.9206,1259.1484,392.8717,1218.3376,740.0354,447.8302,2.7207,1.0883,0
TCGA-B8-4154-01,TCGA-B8-4154,Stage I,G2,0:LIVING,45.34,528.2274,1983.8137,305.5665,501.7765,343.861,741.8081,766.6798,745.3612,7161.8397,481.6423,675.4836,311.4884,2502.5661,11057.2444,36399.5263,2974.7335,10.6593,10.6593,104.2242,15939.5973,120.8054,545.2033,620.608,621.7134,75.7994,302.4082,97.118,879.1946,1704.698,3210.0276,10205.6257,1074.3466,3598.8946,3696.8022,208.0537,2526.6482,402.2898,853.5334,635.2152,832.6096,1.9739,30.3987,1.1844
TCGA-B8-4619-01,TCGA-B8-4619,Stage I,G2,0:LIVING,17.18,1523.3303,1710.8875,600.183,1496.3403,1255.7182,2833.9433,2073.6505,1787.7402,6254.7758,1275.3888,1791.8573,481.2443,2925.892,9498.1702,7845.8371,2471.6377,8.6917,14.1812,15.0961,159.6523,92.4062,551.6926,740.6221,520.2836,21.5005,148.2159,155.5352,538.4263,1661.0247,451.0522,3422.6898,2360.6084,15873.742,1926.807,23.7877,1881.9762,1078.2251,3207.2278,2789.1125,1.3724,1420.86,0,0.4575
TCGA-B8-4620-01,TCGA-B8-4620,Stage III,G2,0:LIVING,25.53,1934.1995,3151.2992,290.0251,768.2313,612.741,1119.8659,661.3579,1437.1333,7211.1693,958.9271,760.2682,616.513,6470.2431,16401.0897,33602.2632,3724.2246,8.3822,2099.3294,727.9966,1943.4199,2323.9732,1765.2976,694.8868,781.6262,62.4476,590.109,168.4828,1019.2791,3062.8667,6129.9246,3586.1987,7075.5365,8137.4686,5952.2213,112.3219,3203.2691,538.1391,1182.3135,626.1526,442.1626,12.9925,0,0.4191
TCGA-B8-4621-01,TCGA-B8-4621,Stage I,G3,0:LIVING,25.89,1689.3188,5075.498,389.868,1843.1019,1356.1767,645.6267,864.9889,1599.8033,4990.8615,942.7002,3051.3977,684.3184,17314.534,3957.7015,811.5419,2317.2391,24.9201,10.5058,69.8418,1603.0822,753.5044,320.3541,742.3559,547.6088,21.3132,200.3443,168.8663,796.7866,1076.1538,1351.2583,3172.8601,3620.2672,19454.7094,5847.6924,137.3883,1621.7723,726.9448,1681.4493,1395.1963,3562.2592,3200.9181,37.0522,0.3279
TCGA-B8-4622-01,TCGA-B8-4622,Stage IV,G3,0:LIVING,50.1,1438.5813,4017.301,323.0969,999.1349,696.3668,975.7785,842.128,1484.4291,7321.5528,927.7682,1153.1142,535.8997,3819.2042,17438.1488,30112.0242,2848.1834,6.4879,5.1903,58.8235,533.737,44.1176,1653.1142,812.7163,920.6099,81.7474,253.4602,122.4048,802.3356,2725.3417,989.6194,9717.9671,4224.827,8953.7197,1928.2007,25.519,2692.9066,689.4464,1091.263,1114.6194,655.2768,1.7301,1.7301,0
TCGA-B8-5158-01,TCGA-B8-5158,Stage III,G4,0:LIVING,40.01,1051.5464,2871.6891,229.0246,1831.5623,959.5559,696.59,528.4695,1465.8208,6318.7407,734.655,1421.4116,478.6677,3483.9017,11318.3188,22046.3125,2381.9191,81.2054,473.9096,368.2791,849.4845,2902.1412,2175.0991,609.0404,682.4806,57.0975,340.9992,425.6939,1319.2704,2563.0452,2424.7423,11141.9508,3768.6059,10413.9572,2918.3188,81.2054,1125.456,519.2704,1049.0087,1244.7264,1066.138,1.586,5.3925,0
TCGA-B8-5159-01,TCGA-B8-5159,Stage I,G3,0:LIVING,23.72,1046.5626,2231.4434,215.0096,1011.7776,955.6286,1563.6812,945.2205,1209.5316,5603.3552,1962.7499,1091.7557,462.0652,1894.8233,17657.3541,20966.3106,2067.3788,1.3695,1.0956,10.682,505.8888,6.0257,1217.2008,550.808,506.1737,31.2243,156.9433,256.138,860.5861,2543.9606,822.2405,13582.4651,4123.0841,8554.9165,4135.3054,43.0019,2560.3944,654.8891,921.9392,1136.1271,933.4429,1.9173,59.9836,0
TCGA-B8-5162-01,TCGA-B8-5162,Stage II,G2,0:LIVING,1.18,1253.4187,1129.6673,443.022,1221.608,808.8449,678.4987,828.2417,1254.9704,10156.85,873.2422,1099.4084,497.7209,6554.9413,16919.0185,11843.6621,1862.089,27.5434,65.1731,75.2594,1058.2873,112.5012,1284.0656,772.379,724.9966,130.7342,365.047,192.4159,1580.0601,1707.6908,4235.8646,10238.7741,671.9038,4003.4914,6742.314,68.6645,2558.4327,1090.4859,1310.4452,1186.3059,159.0534,6.207,0,0
TCGA-B8-5163-01,TCGA-B8-5163,Stage III,G3,0:LIVING,27.0,675.8926,2178.522,556.6012,1505.9507,733.4625,1037.3651,403.266,1255.4664,10933.8195,1550.7888,1267.6446,350.6781,6850.5397,20018.5441,14691.3922,1145.8622,16.8835,178.5884,182.6737,1161.085,22.419,2838.915,822.8619,571.4337,117.9076,320.5093,287.8494,1484.0852,2099.6402,2490.7279,16932.4661,3431.0185,9057.5699,4652.6432,105.4525,2687.5173,1422.3637,925.5466,1629.9474,1035.1508,2.7678,1.1071,0.4318
TCGA-B8-5164-01,TCGA-B8-5164,Stage III,G3,0:LIVING,0.85,783.482,2732.2143,441.0422,1153.7327,860.1728,1243.3457,1101.7628,1193.3422,5777.5771,1261.6054,1789.7324,453.9645,2312.241,8025.2827,23405.0144,1620.0576,9.8322,2.8092,265.749,1032.095,68.8251,616.8973,718.028,625.0383,102.8162,341.0352,182.3162,1141.3723,2633.8928,842.7558,31961.2332,4158.705,9180.42,7507.8306,27.53,2290.0485,1087.7168,1018.049,1512.4658,2036.379,0.8428,0,0
TCGA-B8-5165-01,TCGA-B8-5165,Stage I,G2,0:LIVING,24.21,1619.9026,2493.6093,333.5362,1409.9209,849.9696,1102.252,1115.9464,1595.2526,13399.4948,1495.1309,1516.7377,418.1376,3137.2489,40176.8107,22906.269,1382.2276,20.0852,26.7377,138.4662,621.1199,67.255,1378.2715,517.955,448.2075,51.126,171.6372,157.6385,1108.947,1930.0061,1440.9617,18438.2228,3261.7925,4890.7486,3609.86,13.0858,3266.5855,1414.4857,1817.1029,1621.7285,1208.1558,7.9124,240.4139,687.115
TCGA-B8-5545-01,TCGA-B8-5545,Stage I,G2,0:LIVING,50.1,1237.9769,3320.6744,491.5705,1395.9184,924.5785,950.8429,710.2041,1284.827,13477.8421,1070.4525,1538.598,457.8527,6200.5324,28694.2325,25684.1171,1504.5253,15.9716,77.4516,181.7214,1739.8403,156.5217,1155.2795,685.0044,566.016,85.5368,344.9867,175.3327,1463.354,1533.6291,1373.2032,16716.2378,2277.7675,5007.276,5280.5679,46.1402,2557.5865,1495.2972,1584.0284,1740.9051,265.8385,7.4534,3.1943,9.228
TCGA-B8-5546-01,TCGA-B8-5546,Stage I,G2,0:LIVING,16.59,893.1069,4005.4945,397.6024,1873.6264,1348.6464,804.6953,1284.7153,1372.1279,9315.6444,1174.3257,1430.0699,1317.6823,6448.5514,3755.2448,1685.3147,3821.1788,0.4995,0.999,4.4955,116.8831,2.997,165.3347,545.954,433.8611,5.994,347.6523,59.4406,649.3506,1377.6224,257.2428,6720.0949,1136.1489,6785.2148,4089.4106,11.988,2655.3447,1239.7602,1996.5035,1572.9271,824.6753,6.4935,55.9441,83.3566
TCGA-B8-5549-01,TCGA-B8-5549,Stage I,G3,0:LIVING,6.37,1082.9298,2579.1697,289.6879,1110.5388,1062.3262,1014.1135,550.9426,1331.4103,8537.2659,1334.7069,1079.2212,459.0502,3341.5061,35730.5038,34751.8286,2745.2354,7.8294,40.3832,172.6589,290.512,74.5854,1086.6385,731.0189,451.876,53.1575,297.1052,221.2836,868.2394,1818.4815,1458.7411,33411.3526,5554.7213,10076.8518,5509.4262,85.2993,1947.0485,932.1108,977.0269,1292.2633,447.5121,0.4121,0.4121,0.4121
TCGA-B8-5550-01,TCGA-B8-5550,Stage III,G3,0:LIVING,48.49,1643.8849,3454.2652,264.1316,1254.3679,1174.2035,813.9774,576.0534,1382.8366,8718.8746,1500,1376.1562,478.9311,3099.1778,13926.0021,19724.0493,2301.1305,2.5694,12.8469,40.0822,533.4018,28.777,1233.8129,584.2754,415.149,46.2487,303.186,212.7441,1400.8222,1647.482,1783.1449,11559.4707,6458.4841,13423.4327,2062.6927,20.0411,1556.0123,897.2251,683.4532,1142.8571,3437.3073,2.5694,10.2775,0
TCGA-B8-5551-01,TCGA-B8-5551,Stage I,G3,0:LIVING,0.53,879.2867,1903.0636,604.0238,1399.6342,1878.3722,832.1902,500.2286,1358.4819,5762.6612,803.3836,1553.2693,718.7929,3940.1006,3903.5208,12195.7019,1734.7965,17.3754,157.7503,361.2254,1032.4646,585.2766,2063.1001,839.0489,1347.9012,183.3562,622.7709,203.4751,1717.4211,1997.2565,2748.9712,14609.968,4875.9031,15481.9387,2738.4545,171.0105,1302.2405,1067.2154,1346.5935,1390.9465,1013.7174,0.4572,12.3457,15.9214
TCGA-B8-5552-01,TCGA-B8-5552,Stage I,G2,0:LIVING,34.36,2103.331,2819.8433,438.6423,1365.9308,777.9096,819.3686,976.0266,1499.1692,12868.4421,1516.5757,1562.1489,454.4663,3118.6012,37478.9145,21120.6583,1715.9585,168.3678,104.1222,250.3363,1656.4602,196.2181,1763.4307,646.5701,530.8679,111.0847,306.9863,170.8996,952.9235,2026.4261,2481.209,22601.709,2383.0145,4837.0915,4969.697,51.5864,2416.6469,1433.6577,1327.3202,1732.0991,1264.657,18.0394,0,0
TCGA-B8-5553-01,TCGA-B8-5553,Stage I,G2,0:LIVING,14.29,1262.3333,2506.3881,280.5185,1455.9358,902.7324,765.4574,684.1369,1548.4473,8919.1047,1353.7256,1483.9131,641.6115,3065.56,34024.0604,17774.5034,1911.4054,12.31,7.8336,64.5342,1951.3196,96.2417,943.3927,639.7463,543.2435,59.6848,221.2068,128.6953,733.3769,1878.2057,1775.2495,31610.5567,5778.4426,7873.5429,6982.0013,50.359,2431.0361,875.8743,1146.694,1194.8149,1844.26,1.4921,0.7461,1.4921
TCGA-B8-A54D-01,TCGA-B8-A54D,Stage III,G2,0:LIVING,27.27,1955.3732,2239.5486,437.0351,1037.189,749.9154,1035.1372,1607.5917,1261.862,3814.178,639.1382,1075.1475,721.2106,1572.711,6022.0569,33280.3283,2523.724,30.7771,2.0518,34.8807,465.7605,9.2331,407.2839,676.0708,1285.345,68.7356,488.3303,242.1134,891.5106,3035.6502,891.5106,19400.7592,822.5801,6133.8805,4735.5732,125.1603,1677.3532,626.8274,1131.5722,1176.712,365.2219,2.0518,1.0259,0
TCGA-B8-A54E-01,TCGA-B8-A54E,Stage I,G3,0:LIVING,29.86,674.569,1783.4052,755.9267,1751.6164,1037.1713,843.75,1978.4483,257.5431,5075.4203,1802.2629,1963.3621,737.6078,6209.0517,2077.0474,2540.4095,2715.5172,4.3103,1.6164,46.875,2563.5776,26.9397,144.9353,705.2802,326.2554,9.6983,279.0948,136.8534,726.2931,1411.6379,40.4095,1724.2834,946.1099,179.4181,4789.3319,5.9267,2542.5647,894.9353,1613.1466,1334.0517,19.3966,2.1552,2.694,0.5388
TCGA-B8-A54F-01,TCGA-B8-A54F,Stage I,G2,0:LIVING,17.05,2589.4555,3559.2048,220.3976,858.2541,748.4875,864.3042,1293.8634,1666.3786,5823.6214,769.2308,658.5998,686.2576,2929.1271,17828.8678,28458.9455,2741.573,13.8289,29.3863,88.159,396.7156,82.1089,1204.8401,685.3933,1134.6672,44.9438,222.9905,125.3241,665.5143,2031.115,1761.452,9692.3077,3072.4201,5986.1711,11068.28,73.4659,2314.6067,734.6586,1203.1115,1379.4296,502.1608,6.0501,0,0
TCGA-B8-A54G-01,TCGA-B8-A54G,Stage I,G3,0:LIVING,1.74,1000,2503.8204,351.4804,962.2732,670.4871,983.2856,1126.0745,1120.3438,4132.6648,564.4699,1044.4126,639.9236,3174.7851,3308.5005,14379.1786,3236.8672,56.3515,0.4776,116.0458,2077.8415,22.9226,621.7765,861.5091,1477.4737,105.0621,412.6074,149.9522,965.616,2733.5244,1261.2225,8211.7908,930.7116,8735.4346,1894.4604,201.0506,1638.0134,600.2865,1285.5778,1266.9532,718.2426,8.1184,15.2818,0
TCGA-B8-A54H-01,TCGA-B8-A54H,Stage II,G3,0:LIVING,8.41,1783.2421,2773.0794,461.6587,1184.8483,736.8346,703.2905,995.2384,1507.2134,9311.469,1147.8928,1187.691,662.6395,3116.4807,24001.9899,49393.7886,2418.0229,5.9697,14.4979,76.7536,4709.8287,9.381,927.2973,656.6697,1135.2541,80.1649,237.9362,115.4147,1135.9534,2054.7225,1757.089,31406.76,2194.0928,5288.3235,2140.2885,148.3903,1645.6542,790.8464,1225.4993,1179.4471,1305.6641,4.2641,1.9899,1.1371
TCGA-B8-A54I-01,TCGA-B8-A54I,Stage I,G3,0:LIVING,4.93,1976.3387,1627.6463,306.3512,963.2628,758.3998,839.3524,766.5006,1583.4371,3158.7173,507.472,862.391,733.4994,3723.5367,7662.5156,16486.3014,4952.0548,19.9253,84.0598,78.4558,321.9178,34.8692,2177.4595,650.0623,1870.2179,81.5691,582.8144,94.0224,760.8966,1664.9875,2161.2702,16859.4521,1103.5616,8381.071,2490.0374,504.3587,1191.7808,338.7298,1047.3225,755.9153,194.2715,11.208,4.9813,0
TCGA-B8-A54J-01,TCGA-B8-A54J,Stage II,G2,0:LIVING,17.35,1576.0212,2061.2708,376.702,938.351,723.143,602.118,837.7458,1816.5658,8504.7428,850.2269,785.5522,878.2148,3118.7595,37077.1558,45608.9864,2526.475,6.0514,16.6415,84.7201,8885.4009,47.2769,1528.7443,637.292,1285.3215,65.8094,336.9894,113.4644,873.298,1533.2829,6267.7761,24407.3374,1306.6906,3100.2269,4611.1952,206.1271,1877.4584,663.767,1389.5613,1159.6067,285.174,0,8.6989,0
TCGA-B8-A54K-01,TCGA-B8-A54K,Stage I,G1,0:LIVING,15.41,2461.9863,4584.0331,133.4677,967.4169,950.8409,771.6941,1546.0755,1709.9989,7290.7804,688.8366,1445.7508,726.0105,2134.5874,22695.7787,90362.1095,2890.6058,2.2394,0.4479,4.0309,62.2551,13.4363,1047.5871,483.2606,1116.6723,32.2472,266.0396,218.1167,1123.2785,1487.3945,715.7093,16801.8856,2822.806,5329.7503,4728.2499,153.1743,2610.234,760.4971,1980.9652,2045.9075,20.1545,57.7763,0,0
TCGA-B8-A7U6-01,TCGA-B8-A7U6,Stage I,G3,0:LIVING,16.26,1807.7132,1960.8908,297.6643,821.2928,835.4155,484.5193,667.0288,1702.8789,9998.327,670.8311,847.9087,888.1043,4111.8957,22046.1706,44160.7822,2407.9305,11.95,152.0913,209.6687,7707.2243,590.44,1181.9663,647.4742,1404.5301,70.6138,481.8034,131.4503,1079.8479,1307.4416,12883.2156,16694.7148,1169.5274,3638.7833,14906.5725,230.8528,1764.8017,683.8675,1391.635,843.5633,791.9609,1.6295,1.6295,0.5432
TCGA-B8-A8YJ-01,TCGA-B8-A8YJ,Stage I,G2,0:LIVING,14.16,3505.4517,2455.011,689.6206,1348.655,938.6104,698.2229,786.1579,1874.8312,14450.1411,1101.5769,1179.9537,836.3382,6564.5378,42890.7671,14568.0552,1370.6388,10.0361,276.0059,86.0234,6933.9603,56.3931,1968.0232,694.8775,1221.3357,84.1117,411.0005,118.0432,1256.4189,2079.844,7403.7434,5882.5017,1277.853,2654.7763,10159.3583,193.5525,3855.28,1199.07,1713.2985,1764.9125,422.9482,3.3454,0,0
TCGA-BP-4158-01,TCGA-BP-4158,Stage I,G2,0:LIVING,110.94,1807.7754,2588.3369,345.5724,879.0497,524.8337,1524.406,1800.432,1428.5097,6603.3045,993.9525,698.0562,477.7538,3522.2462,25442.3326,64966.3413,2767.6026,17.2786,5.6156,28.9417,314.0389,8.6393,1048.8121,564.1469,984.1123,57.8834,194.8164,161.5551,881.6415,2339.9568,879.0497,16733.581,2448.4881,6225.054,3460.9071,43.1965,2977.9698,671.7063,1206.4795,1119.2225,495.0324,0.8639,6.0475,0
TCGA-BP-4159-01,TCGA-BP-4159,Stage I,G2,1:DECEASED,85.45,948.4051,2029.6928,140.5262,764.3687,431.5684,669.7045,656.7691,723.7983,7253.2471,599.1474,904.3069,388.0641,4498.6036,24819.0504,17057.7686,3207.9965,2.3519,15.2874,48.802,2553.5793,200.4998,1048.949,723.7983,719.7413,39.3944,430.3984,72.909,1154.7847,911.3626,1614.5818,10219.3562,797.8833,3986.4766,4452.1535,111.1274,3033.3676,624.4304,1034.8376,761.4288,161.6934,7.6437,0,0
TCGA-BP-4160-01,TCGA-BP-4160,Stage III,G2,0:LIVING,94.65,680.2944,1913.3279,278.0049,956.991,525.9199,726.7375,574.9796,661.3246,8914.3876,897.4652,1261.1611,347.3426,3992.1504,11770.4007,17481.6026,1583.6468,10.4661,89.0989,111.8561,2580.5397,118.3974,765.9853,661.3246,536.6934,60.834,259.6893,105.9689,833.3606,1484.8733,3415.2085,18575.9608,4571.1529,7656.5822,8831.3982,126.2469,3300.0818,745.0531,805.233,851.0221,1614.3908,6.5413,1.9624,13.7367
TCGA-BP-4161-01,TCGA-BP-4161,Stage I,G3,0:LIVING,90.21,1557.8752,3090.4603,428.8492,1091.452,630.0868,1184.3031,1141.6711,1491.7595,5425.7557,1045.9297,1242.1092,522.4229,2685.4561,11014.9582,45115.1561,2558.2826,26.374,52.0255,293.7274,3365.762,302.3983,886.2402,754.0087,983.1631,92.4898,264.1018,124.2832,833.4921,3122.6149,1864.609,7990.8413,2106.618,6134.3144,1537.6431,46.9675,2159.059,1018.1105,1398.5471,957.0528,1536.1979,0.3613,3.9742,0
TCGA-BP-4162-01,TCGA-BP-4162,Stage I,G2,0:LIVING,100.99,2248.9942,2743.8534,450.6035,1077.7827,696.4685,1414.3943,989.7184,1628.9674,7715.1229,1779.1685,1129.1909,696.4685,2835.941,20379.5262,45862.7626,1696.9155,20.5633,98.346,101.9222,831.4707,215.0201,721.502,836.388,772.6062,67.9481,220.3844,155.1185,824.7653,2248.1001,2872.5972,31689.2311,2959.7228,8369.2445,5751.4528,89.8525,2124.2736,997.7649,994.6357,1322.3067,1271.3456,0.447,0.8941,0
TCGA-BP-4163-01,TCGA-BP-4163,Stage III,G3,0:LIVING,93.27,1639.5778,3846.9657,325.5937,1144.591,774.6702,883.3773,1127.1768,1812.1372,5115.0185,1069.657,2008.4433,621.6359,2062.2691,14474.4063,29922.4274,2151.9789,17.942,8.0528,185.752,1764.1161,91.2929,767.2823,932.9815,684.9974,50.6596,204.2216,129.2876,1548.285,1993.6675,2550.9235,4520.5435,3350.3852,13793.1398,2129.8153,77.0449,2241.6887,810.5541,566.7546,1136.6755,2817.4142,7.3879,27.9683,60.9974
TCGA-BP-4164-01,TCGA-BP-4164,Stage III,G2,1:DECEASED,32.59,1951.9821,2821.8872,371.3009,1004.4668,695.7007,1125.0698,969.2909,1408.7102,5495.2094,816.3037,1113.9028,672.2501,2634.8409,14715.2429,70987.158,2462.3116,1.1167,5.5835,22.8922,776.1027,18.9838,350.6421,677.8336,861.7197,58.0681,127.8615,128.4199,1079.8437,3473.4785,1880.5137,34030.2624,3517.7443,9050.2513,3701.8425,93.244,1337.8001,508.096,964.2658,1119.4863,55.2764,1.1167,41.3177,0
TCGA-BP-4165-01,TCGA-BP-4165,Stage I,G1,0:LIVING,99.77,1721.0256,1642.911,314.9622,865.2698,624.9071,602.8847,1417.0796,1868.2416,4146.0043,603.8862,870.7779,679.9979,2136.6355,21459.9925,67868.0964,3952.3,9.514,12.5184,90.633,2908.2679,73.608,660.97,629.9244,1356.8462,40.5595,452.6643,65.0955,1082.5887,1777.6086,1470.1575,20280.742,785.5979,2152.659,2731.0078,314.4615,1617.8742,549.3061,1116.6387,917.8469,76.1117,1.0015,0.5007,0
TCGA-BP-4166-01,TCGA-BP-4166,Stage III,G3,0:LIVING,0.43,878.3548,1893.3426,203.0905,1095.3875,830.4868,715.6965,661.3222,1483.9084,9283.5645,943.4181,1026.1415,499.1286,4255.6059,18609.5039,29773.905,1696.2937,0.4647,20.9132,32.5317,626.4668,52.5154,1090.7401,603.2299,668.2421,46.0091,360.6367,82.7234,1167.8866,889.9733,1615.4293,19011.8787,4614.128,5404.4382,2874.4046,60.8807,2806.0881,975.9498,1295.2248,967.1198,92.0181,0,0,2.7884
TCGA-BP-4167-01,TCGA-BP-4167,Stage III,G2,0:LIVING,89.29,1535.553,1688.4876,138.2619,720.0903,915.3442,453.7246,552.4831,923.8149,4102.1163,475.7336,944.6953,647.2912,2483.6343,10457.6749,8884.8758,6278.781,36.6817,50.7901,91.9865,1091.9865,75.6208,1463.8826,647.8555,1095.1524,50.7901,1196.9526,83.5214,1066.5914,751.1287,699.2099,6259.1253,289.6953,4370.2032,4408.5779,278.781,2530.474,710.4966,1338.6005,697.5169,9.5937,2.8217,0,0.5643
TCGA-BP-4169-01,TCGA-BP-4169,Stage II,G2,1:DECEASED,23.03,1625.7511,3428.8984,489.2704,1680.4006,931.9027,857.7969,1069.5279,1723.0329,9162.6552,1240.6295,1058.9413,551.9313,5486.4092,38833.7625,67999.1416,1897.8541,26.6094,4890.2375,1513.5908,6334.7639,3116.166,1715.0215,731.9027,869.5479,114.4492,389.9857,148.784,1238.9127,2383.9771,8288.9843,19139.3076,5215.5851,3798.5694,13448.0687,193.133,3130.4721,1099.2847,1213.7339,1497.8541,309.0129,16.5951,26.6094,44.6037
TCGA-BP-4170-01,TCGA-BP-4170,Stage I,G2,1:DECEASED,76.97,889.2393,2930.6179,228.5545,956.0571,675.0444,710.6421,641.3264,1283.5894,8234.1403,947.0024,1037.5499,447.742,3268.1417,26940.7031,37180.0686,2349.8648,8.4303,230.1156,668.8029,6448.2337,261.0267,1023.4994,645.0732,732.6014,69.0035,329.0935,116.1506,1163.0675,1521.5109,4063.7111,22908.0341,4121.9332,5162.4587,6038.2719,72.1258,2437.6022,830.8517,1006.6389,862.6995,68.6912,0.9367,1.8734,0
TCGA-BP-4173-01,TCGA-BP-4173,Stage II,G3,0:LIVING,62.19,1670.4667,1916.9932,600.285,1302.8144,812.6078,852.8678,900.9619,1510.8657,6119.5262,827.9302,1058.7816,598.1475,4501.2469,11525.472,35907.0182,1779.4799,22.0876,146.7759,366.5835,3260.0641,115.0695,1515.497,740.6484,1196.1418,148.5572,529.3908,242.2515,1320.9833,2693.2668,3270.7517,8380.8871,5396.238,5761.311,5379.0524,66.9754,2006.7688,1097.9694,1294.9768,1516.2095,732.4546,4.275,2.1375,5.3438
TCGA-BP-4174-01,TCGA-BP-4174,Stage II,G3,0:LIVING,61.73,1438.8935,2462.0149,150.289,1042.9397,578.8604,816.6804,699.422,1555.7391,5210.5037,1049.5458,927.7457,554.0875,2908.3402,8240.7102,45499.1784,2969.4467,4.1288,38.398,60.6936,1459.5376,348.0595,704.3765,742.3617,499.8555,44.5912,263.0058,115.1941,683.7325,1747.3163,4040.4624,29940.6482,3519.3435,17903.3856,3939.3064,174.2362,1780.3468,585.0537,779.1082,710.9827,1222.1305,117.6713,0.4129,0
TCGA-BP-4176-01,TCGA-BP-4176,Stage I,G2,0:LIVING,64.22,878.9081,2501.9843,249.7338,818.8946,677.5724,1048.882,604.7817,855.6771,5806.4892,971.8323,1132.5138,413.8999,6385.4419,9837.9634,24970.6708,2312.6512,7.7437,96.7961,736.8115,1556.8677,1824.412,1906.495,789.4686,665.6742,80.9215,259.4134,95.6345,936.2114,2058.2674,1563.837,8789.4686,3937.16,8379.4405,4044.9134,108.0244,2448.1657,748.4271,744.5552,904.4623,876.9722,4.259,1.1616,0.3872
TCGA-BP-4177-01,TCGA-BP-4177,Stage I,G2,0:LIVING,54.86,710.7692,3709.0598,137.4359,889.9145,1086.4923,781.5385,739.8291,1237.9487,8225.2855,937.4359,1205.1282,449.5726,3000.6838,22240.6838,27979.4872,2429.0598,19.8291,48.2051,62.5641,1253.3333,155.8974,1619.8291,529.2308,686.735,23.9316,237.6068,147.3504,1691.6239,884.4444,981.5385,19983.3504,2156.5641,4628.0342,6432.4786,57.094,3162.735,808.547,1285.4701,1558.6325,58.4615,124.1026,202.3932,446.1402
TCGA-BP-4325-01,TCGA-BP-4325,Stage I,G2,0:LIVING,97.37,1654.7529,3215.9696,441.0646,838.403,662.7376,1173.0038,1579.8479,1294.6768,4765.6122,936.8821,1066.9202,534.2205,1766.1597,9356.2738,43792.3954,2279.0875,80.6084,14.8289,359.6958,960.8365,17.1103,604.1825,727.7567,926.2243,69.2015,316.73,185.9316,930.7985,2844.8631,1835.3612,30330.1787,4133.2205,4677.9468,2184.7909,46.3878,2378.327,559.6958,936.8821,1131.9392,1540.3042,0,17.8707,0
TCGA-BP-4326-01,TCGA-BP-4326,Stage I,G2,1:DECEASED,53.38,2913.7421,2697.2516,389.852,1260.0423,1215.6364,723.8901,988.1607,1844.8203,6358.0423,902.3256,1137.4207,745.8774,6760.2537,30939.5349,149276.9556,2046.9345,2.1142,17907.5687,59.1966,896.4059,221.1416,1690.9091,515.0106,1144.7611,45.666,354.334,134.8837,1078.2241,1950.1057,7960.6765,53478.5285,5588.1184,3358.9852,24866.3848,176.7442,1848.6258,881.1839,1128.5412,1058.351,165.7505,1.6913,0,0
TCGA-BP-4327-01,TCGA-BP-4327,Stage II,G2,1:DECEASED,3.58,2453.6438,3108.2363,331.6085,899.5257,848.2104,642.5183,1744.7176,1796.8952,4532.0655,744.7176,1123.329,718.4131,2564.8987,17267.3566,72653.2988,3518.3269,9.0556,419.1462,62.0957,3054.765,97.0246,676.1535,551.9621,1754.1483,37.085,328.5899,94.8685,1337.6455,1803.7947,2846.0543,50255.4894,3286.7184,4444.157,2763.26,60.8021,1574.8167,561.0177,1148.3398,1059.5084,149.2022,3.4498,3.4498,0
TCGA-BP-4329-01,TCGA-BP-4329,Stage III,G2,1:DECEASED,27.76,919.1129,2713.9045,179.6264,591.8837,449.8022,673.9671,726.6035,1125.9777,8160.4675,831.8763,861.3233,446.4894,2956.8418,24933.1002,43513.3892,2715.3768,1.8404,33.864,315.4504,6737.8301,512.745,844.0232,703.414,786.6532,42.33,334.591,88.3408,974.694,1480.4454,5542.284,9315.8001,2115.2001,2976.7185,2583.2336,59.6301,2187.1722,753.8419,986.1047,948.9279,696.7884,183.6753,0,0
TCGA-BP-4330-01,TCGA-BP-4330,Stage III,G2,0:LIVING,62.02,1622.0446,3008.5292,547.6377,1094.643,716.4821,1096.5401,1623.3094,1678.3261,6758.6521,1433.9127,1206.5735,489.7753,2350.2257,25167.9354,63171.5241,1880.6864,25.9274,2.8457,50.2739,311.4452,11.3828,909.9892,604.5515,1161.2733,82.5251,258.3256,182.1243,1012.4341,2791.9404,1023.1845,20151.141,12808.809,5599.6901,1752.6303,61.6567,2116.5627,982.3962,1180.0138,1447.1926,501.4742,1.8971,0,0
TCGA-BP-4331-01,TCGA-BP-4331,Stage I,G2,1:DECEASED,80.62,2398.4064,2422.3108,408.2133,1033.0984,815.8137,781.4894,1473.1842,1859.3319,5559.7947,913.27,1129.3288,717.7444,2050.567,15266.6258,37478.3941,2437.3276,48.1152,2.1453,94.0852,3822.2495,35.5501,855.0414,605.5777,1282.2709,53.9381,292.9819,159.0561,1136.3776,1880.4781,2450.5057,17418.8354,1674.5081,5387.3736,4214.833,79.9877,2042.5988,626.7239,1385.2283,1004.9035,1918.4799,19.0009,1.5323,0.3065
TCGA-BP-4332-01,TCGA-BP-4332,Stage III,G2,0:LIVING,37.22,1831.0354,3294.1612,393.8188,872.0274,574.8126,987.138,1634.4962,1430.1841,8288.8757,853.5209,1109.281,593.6893,2709.7252,22027.9449,77816.2302,3150.5506,55.1494,87.7209,119.182,1389.8399,274.2667,1013.4172,672.5271,837.3758,44.7858,370.1305,101.7859,1404.6451,1654.4832,2080.5034,20902.404,16166.8696,6224.8543,2250.7634,74.7664,2241.5101,842.7871,1261.0345,1141.8525,474.1371,9.2533,0,0.3701
TCGA-BP-4334-01,TCGA-BP-4334,Stage III,G3,1:DECEASED,21.19,1758.5616,703.7671,256.8493,827.911,649.8202,1728.5959,2510.274,1583.9041,1552.2175,303.0822,1136.9863,1105.3082,1750.8562,2748.2877,6032.5342,10455.4795,17.9795,11.7808,66.7808,171.2329,19.6918,267.1233,470.0342,1594.6747,0,1187.5,22.2603,639.5548,320.2055,105.3082,4821.9863,281.4041,7034.2466,6167.8082,17.9795,1119.0068,412.6712,1976.0274,823.6301,0,3062.5,8.5616,0
TCGA-BP-4335-01,TCGA-BP-4335,Stage IV,G3,1:DECEASED,15.6,1595.6956,2388.163,435.05,757.8786,497.3021,1340.5073,2076.864,1658.7241,5726.1261,836.2798,843.1975,461.1837,4092.2367,21740.1998,91244.289,2468.1015,40.7379,149.8847,149.1161,4124.5196,118.3705,1015.3728,625.6726,1337.2867,49.9616,266.7179,90.6995,921.5988,2302.0753,4664.8732,19117.5019,1495.9877,4581.8601,5671.0223,363.5665,2645.6572,626.4412,1030.7456,1209.0699,202.9208,4.6118,8.455,1.5373
TCGA-BP-4337-01,TCGA-BP-4337,Stage III,G4,1:DECEASED,0.07,2873.4403,2316.8449,233.066,842.246,1124.7727,1441.6221,1168.8948,2008.0214,3494.1667,522.7273,1059.2692,739.3048,2019.6078,14856.9519,39077.0945,3671.123,8.0214,335.5615,189.8396,1786.5419,87.7897,977.2727,539.2157,1310.3119,40.5526,413.5472,143.4938,1101.1586,2034.7594,2558.8235,23875.0624,1080.8779,3408.6453,3444.2959,99.8217,2331.1052,642.6025,1417.5579,989.7504,396.6132,9.8039,22.2816,19.6078
TCGA-BP-4338-01,TCGA-BP-4338,Stage I,G3,0:LIVING,93.92,440.6539,1353.2338,95.5935,746.9794,762.9709,495.7356,635.3945,958.4222,3905.1031,874.5558,1886.9936,561.4783,2388.4151,13730.6326,15326.5814,2002.4876,5.3305,143.8273,69.6517,294.2431,67.1642,929.6375,956.29,593.6567,42.9993,350.0355,182.3028,2179.8152,751.5991,3225.6574,24708.4257,1397.4733,42724.5913,6339.3746,88.4861,2145.3447,496.091,891.6134,809.8792,514.9254,180.1706,2.1322,3.1628
TCGA-BP-4340-01,TCGA-BP-4340,Stage I,G2,1:DECEASED,18.46,1342.1517,3110.8172,346.2669,703.9976,793.3568,1208.9947,2355.9671,1678.1305,5835.5673,1370.3704,1684.5973,542.0341,1637.5661,16771.6049,50741.6226,1963.2569,6.1728,34.6855,47.0312,1606.7019,24.1035,429.7472,670.194,951.9342,27.9248,160.4938,139.9177,811.8754,2452.6749,2247.2075,64505.7055,2270.0147,7548.2069,3434.1564,39.9765,2697.5309,582.5985,987.0664,1151.3815,402.1164,0,15.5791,0
TCGA-BP-4341-01,TCGA-BP-4341,Stage III,G2,1:DECEASED,52.2,2513.191,2751.243,305.2272,783.0106,573.4828,892.5901,2281.4367,2401.0924,6786.1237,705.3393,921.1395,700.721,1764.6077,21710.5947,74046.3782,3092.9967,7.9771,24.351,62.137,3954.0984,49.5417,701.1408,497.5161,1643.9695,48.702,350.1506,80.6102,898.048,2033.3084,1929.6067,20584.0881,1296.8838,3611.505,5354.2808,151.564,2255.4063,538.241,1300.6792,1044.5739,139.8083,2.5191,1.6794,0.4198
TCGA-BP-4342-01,TCGA-BP-4342,Stage II,G3,1:DECEASED,74.11,2518.5054,2453.5369,510.1624,912.399,957.1314,917.7243,1295.4646,1928.1086,7243.9869,921.6295,907.0738,650.0399,3610.189,16272.2996,39991.4795,2172.0067,11.3606,79.432,54.3179,446.969,158.3385,1947.9897,461.5248,1182.7283,63.9034,326.6176,151.5931,991.5683,3116.3575,2478.7432,14469.605,10963.6922,2668.6784,3915.5055,107.5708,1719.3574,723.8839,1400.5503,1243.9869,83.7845,3.5502,20.5911,0
TCGA-BP-4343-01,TCGA-BP-4343,Stage III,G3,1:DECEASED,62.81,261.6899,1779.7608,78.5519,586.6702,1240.6706,1221.3692,286.8265,433.1574,8686.0136,1018.9299,1146.8572,247.775,6105.4996,13329.1289,16643.5687,1047.6574,2.6932,15.2615,98.7509,578.1417,87.0804,1409.8937,1126.6581,400.628,44.8868,322.7359,92.4668,899.531,982.5716,1306.6541,10133.1903,4160.2054,8583.6987,2940.084,97.8532,3818.0694,1121.7206,705.6202,482.084,367.1738,7.1819,0.4489,8.0796
TCGA-BP-4344-01,TCGA-BP-4344,Stage I,G2,0:LIVING,54.73,1598.4931,2689.4022,415.1879,1031.4266,583.7216,1396.2526,1357.3907,1451.7696,12417.3927,1344.7011,1113.909,440.1705,3656.9842,40440.5671,55353.223,1602.8552,106.672,73.7583,443.3429,1424.8042,130.465,1989.4914,632.4973,949.4161,80.1031,217.706,99.1375,1142.8571,1903.0435,2508.5754,27284.6238,2000.1784,2459.4032,6978.0906,56.7067,3217.2103,1247.5463,1347.0804,1146.8226,293.0505,0.3966,3.1724,0
TCGA-BP-4345-01,TCGA-BP-4345,Stage III,G3,0:LIVING,49.8,1706.3197,2190.0041,439.4878,1172.2429,1462.2016,729.0376,825.6919,1525.4027,10436.1586,1076.8278,1354.399,538.6204,7008.261,26156.1338,35419.6613,1405.2045,11.1524,851.7307,240.8096,2667.9058,572.0777,2392.8129,670.7972,975.3036,79.7191,484.0975,145.8075,1980.9996,1053.2838,2256.9186,12639.6902,814.0438,1426.6832,5130.1115,126.3941,3371.7472,1321.3548,1520.8591,1167.2862,13.2177,0.4131,0.4131,0.8261
TCGA-BP-4346-01,TCGA-BP-4346,Stage III,G3,1:DECEASED,49.05,1566.5233,2848.2241,666.5311,1184.8145,711.2778,1103.4923,1728.3895,1691.814,4585.4501,826.0628,891.4319,661.4728,1588.702,11354.3753,33327.7238,1694.5377,96.8863,8.9493,252.9161,1181.7017,9.7275,987.9291,636.9594,1510.1852,136.1856,326.0672,205.8348,1158.3556,2950.1687,1773.5253,15835.34,1998.286,7394.0987,2334.6099,108.9485,2098.0361,835.7903,1013.2207,1333.4514,1795.7041,1.5564,9.3384,0.3891
TCGA-BP-4347-01,TCGA-BP-4347,Stage III,G2,0:LIVING,44.91,1680.2433,2474.7421,311.8223,1391.9598,669.3996,1126.4216,1431.8963,1733.9328,9797.7731,1498.5454,1101.8249,522.0841,2605.9244,40827.0299,56211.8487,1642.4226,11.9016,7.141,57.3922,1095.2129,14.8109,902.6713,686.0619,852.6474,57.6567,200.7405,138.5877,927.7969,1899.762,849.5107,39307.8551,5496.575,5885.2156,3752.182,50.2513,2575.5091,949.2198,1231.1558,1108.9659,1289.077,0,6.612,0
TCGA-BP-4349-01,TCGA-BP-4349,Stage I,G2,0:LIVING,12.22,2148.9046,2259.1905,411.0657,1092.0906,618.6409,738.9528,1462.681,1906.7954,6609.0197,787.5975,1043.0746,723.3569,2910.5087,35353.1378,53760.4902,2586.3349,8.1693,11.5113,36.3906,2477.163,77.9799,750.0928,611.5856,1182.5548,62.7553,261.0472,101.3739,1037.876,1960.6387,3748.2362,24843.8396,1343.9064,4727.0702,4323.4311,75.0093,2487.9317,652.4322,1300.4085,1101.7453,400.2971,4.0847,0.7427,0
TCGA-BP-4351-01,TCGA-BP-4351,Stage III,G2,0:LIVING,31.87,3366.7118,2181.7772,355.8863,923.3198,975.6292,1231.8448,1337.8439,2895.8051,6711.0329,677.041,967.9747,669.373,3264.7722,23167.3433,56997.2936,3825.4398,1.8042,32.4763,25.7104,460.9833,14.885,1101.9396,599.0077,1479.8421,45.5571,343.7077,135.318,913.3965,3377.5372,2570.1398,10689.6392,1799.4948,4542.1741,5520.9743,249.8872,2480.3789,640.5052,1155.6157,1231.3938,150.203,0,0,0.4511
TCGA-BP-4352-01,TCGA-BP-4352,Stage IV,G4,1:DECEASED,11.3,4786.0281,1841.8278,653.3392,622.1441,706.4851,933.6555,1266.2566,2932.3374,3848.5633,239.8946,743.4095,2431.4587,1134.8858,2657.2935,43638.4007,4256.5905,4.833,36.775,7.4692,577.768,42.1793,289.9824,579.9649,4306.8585,83.0404,673.5501,130.0527,886.2039,1797.8691,3225.8348,6887.7065,947.1924,34396.7487,13900.2636,629.174,2131.3708,633.1283,2200.7909,1342.2671,448.1547,69.8594,0.4394,0
TCGA-BP-4353-01,TCGA-BP-4353,Stage I,G2,1:DECEASED,12.32,731.8784,2468.8231,443.1021,1074.4349,480.5144,1523.3827,650.4287,952.8449,11186.9252,1499.2206,1178.8776,346.4536,6476.6173,26882.6968,16575.6041,1571.3172,1.9486,53.0008,20.265,130.9431,54.9493,1702.2603,743.9595,412.8917,103.2736,201.0912,183.9439,890.491,2220.1871,2021.0444,10666.0171,3749.4115,5971.9408,4923.2268,102.8839,3867.8878,1235.7755,1001.1691,1551.0522,545.5963,1.1691,4.2868,0
TCGA-BP-4354-01,TCGA-BP-4354,Stage IV,G4,1:DECEASED,33.97,1463.6086,4529.2897,552.2337,1096.8951,792.9178,938.4186,953.5632,1067.147,5747.2598,939.5004,1443.0553,616.5978,5431.4697,8928.2286,18470.3506,1333.7985,13.5219,1828.6994,413.7696,7277.4771,10386.4284,2802.2749,1048.7572,757.2741,197.9604,467.8571,336.4244,1214.265,2312.7828,3099.7563,1904.9628,4458.3918,11160.4209,3684.4425,15.1445,3031.606,1128.2659,776.6969,1239.6862,1124.4797,107.6342,10.8175,0
TCGA-BP-4355-01,TCGA-BP-4355,Stage III,G4,1:DECEASED,31.31,2591.0964,2440.5725,481.0417,958.9097,504.1643,1053.6672,1842.5575,2204.3588,9120.8226,855.9913,1134.3698,573.0789,4871.1706,53946.4915,120395.0799,2137.7112,2.7203,114.2531,78.4356,1705.6351,34.9107,1005.6084,662.8492,1514.0663,72.995,238.934,126.4945,866.4191,1998.9753,4451.3359,22011.2485,1008.5372,2513.1142,5937.0792,91.5838,3272.9878,1178.8015,1476.6756,1281.72,213.5444,1.3602,0,0
TCGA-BP-4756-01,TCGA-BP-4756,Stage I,G2,0:LIVING,12.29,1627.0826,4181.1414,495.2145,1527.827,1901.4215,776.6749,1667.8483,2510.4573,5310.8401,973.0592,1505.4945,2019.8511,2751.1521,2525.7001,5159.1634,1210.5636,31.9036,1.7724,83.6583,870.6133,245.3031,184.6863,527.827,746.8096,39.7022,223.6795,90.748,775.6115,1388.5147,933.357,14206.9514,706.4162,2895.7816,2592.3431,35.0939,1965.9695,990.0744,1803.9702,1348.1035,837.2917,7.4442,6.0262,0
TCGA-BP-4758-01,TCGA-BP-4758,Stage I,G2,0:LIVING,72.54,1381.6557,1367.2756,230.8589,760.2021,845.2973,773.0276,1034.9786,1329.5764,4968.8807,640.1088,719.7824,615.2351,2001.5546,33310.9211,31532.841,2536.3389,69.1799,40.0311,193.1597,1926.1562,29.1489,1051.302,555.7715,1162.4563,61.7956,893.5095,137.1939,1307.8119,1017.4893,1066.4594,33133.2919,418.5698,5145.7443,5576.7586,210.2604,1966.1873,647.8818,1275.1652,959.5803,283.3269,2.3319,1.5546,3.8865
TCGA-BP-4759-01,TCGA-BP-4759,Stage I,G2,0:LIVING,77.92,846.5515,1272.9073,142.9986,823.6718,632.7137,462.4354,698.273,1347.2665,7926.9299,879.9912,882.6312,539.4346,2889.4511,28339.2366,23664.2834,3736.0026,10.5599,2.6488,12.3199,598.834,27.7197,898.471,536.3546,727.7879,31.6797,496.755,112.1989,1294.4671,701.353,1792.9821,13718.9748,2280.8052,6729.7327,3369.4863,151.7985,2550.6545,547.3545,1238.5876,680.6732,381.0362,3.08,0,0
TCGA-BP-4760-01,TCGA-BP-4760,Stage I,G2,0:LIVING,77.56,1162.0071,4485.2017,128.5857,1076.769,845.4603,735.0879,829.7969,1577.6341,8114.3575,955.8328,1428.2852,539.8415,2788.817,27203.3512,37223.2037,2110.9189,26.5914,104.1799,77.9528,982.7885,484.4732,1697.8417,542.7557,580.9161,38.6121,282.3058,207.2671,1362.3532,1294.964,2000.5464,20478.3171,3187.6623,6199.4354,7088.9719,92.1592,3352.3359,1102.9961,1269.4654,1274.2009,76.1315,136.5996,0,0
TCGA-BP-4761-01,TCGA-BP-4761,Stage III,G4,0:LIVING,5.98,1429.7149,901.4507,52.026,508.7544,3491.2306,707.8539,585.7929,1522.2611,2282.6413,162.081,793.3967,1601.3007,570.2851,3804.4022,8545.2726,8131.0655,15.5078,34.5173,35.0175,416.2081,19.5098,980.9905,683.8419,2703.1616,12.5063,1627.3137,58.029,2191.5958,763.3817,1193.0965,13812.8064,1262.061,10995.998,14966.9835,224.6123,1582.2911,235.6178,756.3782,510.2551,38.5193,186.5933,2.001,0
TCGA-BP-4762-01,TCGA-BP-4762,Stage I,G3,1:DECEASED,44.12,1024.3537,2936.3057,186.9614,1053.2034,600.9741,789.4342,599.8501,1304.9831,11353.5969,868.1154,1192.5815,394.5298,3936.6804,22728.3627,17905.9573,1582.9899,36.7179,29.2244,171.9745,1022.4803,156.613,1599.1008,628.3252,541.184,56.9502,346.9464,139.378,1085.7999,1356.3132,1731.3601,19598.3514,8003.2634,4916.4481,1258.1491,55.0768,4220.3072,1210.9404,1266.7666,828.0255,864.3687,28.8498,37.0925,278.4264
TCGA-BP-4763-01,TCGA-BP-4763,Stage I,G2,1:DECEASED,41.72,598.776,2518.7117,190.2278,769.7401,481.9906,1652.2524,509.682,768.9375,12070.9301,1489.3147,911.0063,344.7376,3456.6068,27235.0757,34204.4748,1391.3916,24.0795,14.0464,77.8569,667.4024,103.1404,1737.7345,840.7746,315.4209,37.7245,199.0569,164.9443,755.6938,1683.9571,1655.0617,18157.5198,2464.9182,6452.4932,4272.4992,101.9364,4020.4675,910.605,958.3626,884.1176,1122.1029,26.0861,9.6318,82.6728
TCGA-BP-4765-01,TCGA-BP-4765,Stage I,G2,0:LIVING,71.75,1758.9785,2838.6273,348.6034,1078.3719,684.4374,893.5355,1387.7095,1394.4134,6496.265,1071.9872,1173.5036,646.4485,4412.4501,32333.9186,37499.4413,2112.3703,15.6425,40.2235,81.7239,4808.9385,272.6257,889.0662,679.3296,800.6704,58.739,258.8986,165.0439,839.585,2072.4661,3043.5754,22808.6225,1778.7294,6364.8843,10484.597,41.8196,2996.3288,875.02,1168.7151,1170.3113,316.68,1.5962,7.0231,27.3328
TCGA-BP-4766-01,TCGA-BP-4766,Stage I,G3,0:LIVING,48.03,2265.8481,2444.5595,286.4117,1488.8675,1078.7751,853.3176,1656.6314,1536.2083,7603.9796,1143.5757,1370.5156,536.1343,2146.0167,25664.6202,41856.6462,2217.6196,36.985,12.0157,142.0223,1312.2272,95.5692,788.5199,478.7336,652.0808,47.0449,268.6589,189.659,1189.1382,2078.852,2513.2036,28449.8676,5234.8635,4322.8049,4867.2239,37.5767,1596.8637,627.2653,1298.3209,1156.0027,59.4719,23.6704,14.794,0
TCGA-BP-4768-01,TCGA-BP-4768,Stage I,G2,0:LIVING,13.14,2554.8681,2421.6867,138.0658,997.0694,978.1797,977.2061,985.3468,2026.7014,4336.5646,564.3113,665.5812,936.5028,2435.0374,9807.8802,79629.7623,2308.6942,11.7226,5.21,86.9424,315.858,141.322,969.7167,573.7545,926.8675,73.266,203.5168,160.8597,948.551,2042.6571,3961.9017,13790.2051,5719.72,3901.0094,3710.8434,116.9,1890.5894,375.7734,1072.6148,1211.6574,3459.1338,1.6281,0.6513,0.3256
TCGA-BP-4769-01,TCGA-BP-4769,Stage I,G2,0:LIVING,61.63,1659.5256,3684.0092,201.9893,1105.2028,773.5272,772.7621,1116.2969,1570.7728,7513.3512,892.8845,1359.6021,593.7261,3476.2816,32989.2884,42581.1018,2501.5302,19.1278,1772.7965,74.5983,1420.0459,255.5471,1400.153,532.1347,749.0742,62.7391,416.9855,65.7995,1216.1438,905.1262,2245.2181,18575.2487,1700.8378,4996.9396,11871.4614,51.2624,4125.8607,1344.6825,1439.9388,1433.4353,1.5302,415.4552,0,0
TCGA-BP-4770-01,TCGA-BP-4770,Stage IV,G4,1:DECEASED,10.81,581.6108,757.5126,457.8412,1106.1245,639.4137,1156.1288,697.2237,637.2894,12323.404,337.618,916.7463,431.2431,5944.4881,6034.9215,7819.8283,2978.6276,4.6103,38.6558,86.887,1000.0869,175.5472,534.4436,741.9084,1177.62,113.1304,1116.0544,141.5017,482.3114,996.5405,989.093,2030.3572,329.8052,708.2176,3296.3857,3941.8318,2363.3259,1351.8905,1994.4995,1534.8851,4.2557,0.7093,0,0
TCGA-BP-4771-01,TCGA-BP-4771,Stage IV,G4,1:DECEASED,5.32,2048.3339,1514.4636,641.1571,1160.3808,796.0417,833.7605,1451.8491,1945.4412,5463.8264,722.8122,1174.2951,708.8978,2755.7671,15444.892,16155.9868,2577.8103,41.3768,25.335,138.0447,589.5276,37.7151,1534.9689,668.9857,1491.0985,127.4259,563.896,149.3958,1572.3178,1685.8294,1473.8191,12083.2772,1908.4108,10041.3768,2841.0839,120.4687,2015.379,994.5075,1603.442,1444.1596,476.7484,6.591,1.8308,0
TCGA-BP-4774-01,TCGA-BP-4774,Stage I,G2,0:LIVING,61.93,2514.659,2343.6259,375.8371,928.5174,662.3448,762.5681,1217.9302,1901.3364,8672.7666,845.3612,778.9088,648.9091,2878.5129,28726.6656,60010.1131,2463.0949,108.5752,95.8657,516.3675,6709.5097,228.7704,897.6516,643.8253,1249.1918,59.9161,557.401,84.2456,868.2382,1951.4444,6491.27,17553.1514,1140.6711,4788.9275,12822.7637,83.1562,2022.9842,658.3504,1434.7174,996.0592,700.8364,0.3631,7.6257,0.3631
TCGA-BP-4775-01,TCGA-BP-4775,Stage I,G2,0:LIVING,60.55,2698.9321,3311.7465,392.3527,1035.1361,958.3155,1047.1926,1465.3806,1520.496,5999.5005,1647.9504,1403.7203,572.8557,2506.7172,27198.4154,60061.7396,1993.455,46.8481,22.0462,414.7434,1095.763,162.5904,619.3593,441.6121,749.5522,59.5935,362.7282,613.8477,1199.1044,3007.5784,2627.9711,51979.2904,3059.2938,12629.0045,4512.5732,45.4702,1948.3293,818.8081,974.1647,1045.1257,3109.5419,2.7558,0.3445,0.6889
TCGA-BP-4776-01,TCGA-BP-4776,Stage I,G2,0:LIVING,13.5,1862.7035,1440.9059,238.4996,601.557,555.5485,642.6044,1220.0991,1651.8047,5942.5973,544.9398,633.4041,756.5464,2186.8365,41343.2413,35956.1217,2140.1274,28.3086,348.1953,285.9165,8847.1338,248.4076,1067.9406,509.5541,1485.598,34.678,506.7233,73.6023,1034.678,992.9229,3933.4749,18810.9342,614.6001,2543.5244,12256.9002,304.3171,3193.2059,497.523,1427.4593,877.5655,307.1479,14.862,14.1543,3.5386
TCGA-BP-4777-01,TCGA-BP-4777,Stage I,G3,0:LIVING,56.87,1135.8268,1741.7323,348.4252,1057.0866,513.3858,862.5984,1127.9528,971.2598,6783.3701,967.3228,911.4173,522.0472,3278.7402,12622.8346,17724.0157,2111.4173,62.5984,24.0157,103.937,1142.5197,193.3071,977.5591,719.685,854.3937,77.5591,400,150.3937,828.3465,1542.9134,1572.4409,14204.752,1326.9055,5436.6142,4763.3858,72.8346,2067.3228,787.4016,1096.4567,1018.1102,1514.9606,10.6299,1.1811,0
TCGA-BP-4781-01,TCGA-BP-4781,Stage I,G3,0:LIVING,68.33,1290.0319,2320.2553,134.4096,790.6889,812.4648,926.9758,605.9696,1203.3039,7002.3691,1203.3039,941.2427,505.3501,3652.3372,14533.5085,33129.7165,1998.8737,129.1534,96.2681,750.8917,1196.5459,233.5273,1078.6559,601.4642,628.6465,98.3668,467.0546,140.0413,1169.1384,1662.0987,2461.7984,21290.4074,7588.5864,8286.8406,8212.8778,30.0357,2722.3578,798.9488,967.1485,855.6411,1419.1853,4.1299,0,0
TCGA-BP-4782-01,TCGA-BP-4782,Stage I,G2,0:LIVING,11.63,1441.989,3838.674,372.0074,1448.6188,850.8287,556.1694,678.453,1713.8122,8285.7864,849.7238,1434.6225,685.8195,2716.3904,21780.4788,11620.2578,2879.9263,15.8379,4.7882,17.3112,542.9098,67.035,1064.4567,796.6851,648.0037,48.2505,362.7993,95.7643,1101.2891,1286.1878,1406.6298,26621.3628,4775.6943,10078.0847,6821.7311,47.5138,2574.2173,817.3112,1173.849,1176.4273,544.7514,32.7808,0,1.4733
TCGA-BP-4784-01,TCGA-BP-4784,Stage I,G2,0:LIVING,60.91,1050.1592,2114.6497,157.2452,949.4427,619.4268,729.6975,611.465,1244.4268,12940.633,841.5605,1189.8885,602.3089,3408.8376,25475.7166,39744.4268,1761.1465,13.9331,42.1975,9.1561,206.6083,189.4904,1951.035,618.2325,760.6728,64.8885,485.6688,99.9204,1519.5064,843.551,1420.3822,19608.6783,1404.0565,7199.4427,5193.8694,129.379,4462.9777,1115.8439,1531.449,1143.3121,0.7962,62.8981,2.7866,17.5159
TCGA-BP-4787-01,TCGA-BP-4787,Stage IV,G4,1:DECEASED,15.77,1204.4007,1520.3243,309.9016,997.3364,780.0811,884.308,478.0544,1525.883,6069.6329,948.6972,1127.5043,522.9878,3895.773,12202.432,19623.8564,3464.9682,7.4117,283.0342,411.3492,736.0741,188.9983,2185.9873,661.0307,859.9004,78.7493,511.8703,135.2635,913.0284,1662.9994,3140.2432,7041.1118,3211.9931,8480.8338,3534.4528,145.4545,2317.0816,845.3966,1052.4609,1007.0643,2139.6642,21.3086,0,0
TCGA-BP-4789-01,TCGA-BP-4789,Stage I,G2,0:LIVING,48.92,1527.4336,2791.5044,406.0177,1039.292,652.3894,1069.0265,1151.8584,1323.1858,17936.3469,1400,1566.7257,344.4248,3616.2832,42522.1239,40925.3097,2108.3186,6.0177,15.5752,31.8584,1004.2478,70.0885,1129.9115,562.4779,543.3735,69.3805,243.1858,140.885,1290.2655,2059.823,1411.6814,29190.7965,1802.4283,3629.7345,3103.0088,95.5752,3409.9115,1240,1296.6372,1265.1327,109.3805,0,0,0
TCGA-BP-4790-01,TCGA-BP-4790,Stage I,G2,1:DECEASED,36.5,1730.6863,3231.3103,566.7612,1045.9444,716.9597,1225.6381,1085.8763,1580.034,8652.4334,1084.0613,1725.6948,436.0749,3057.5156,25297.3341,32928.4175,1626.7725,112.5355,21.7811,87.1242,542.2575,57.1753,1300.9643,718.321,523.8798,58.5366,290.8678,173.3409,1288.2587,2047.8729,1339.9887,17405.7856,2864.8939,10031.0834,2537.9467,45.3772,3666.9314,1427.5666,1614.9745,911.1741,823.1424,0.9075,0,3.6302
TCGA-BP-4795-01,TCGA-BP-4795,Stage I,G2,0:LIVING,20.37,1639.2739,3057.7558,418.4818,1334.6535,834.6535,616.8317,666.0066,1657.0957,12184.769,1073.5974,1378.5479,570.6271,3105.2805,34000,35996.6997,1925.4125,57.4257,39.2739,35.9736,1200.6601,71.2871,2188.1188,569.637,724.0627,69.3069,299.3399,137.2937,1535.3135,1208.5809,1093.7294,22527.1188,1115.5116,4239.2739,3971.9472,46.2046,3137.6238,1312.8713,1692.4092,1878.8779,15.1815,69.967,0,0.6601
TCGA-BP-4797-01,TCGA-BP-4797,Stage III,G3,0:LIVING,36.37,1359.6136,3233.406,201.3088,1635.0888,814.8956,773.138,880.0249,1058.5852,7922.3185,1479.5887,1712.3715,272.9822,3433.1567,16312.2468,16657.8373,2583.9825,49.2365,9.0371,137.7376,1276.4101,70.7385,936.1172,582.4244,536.5784,60.455,352.7579,111.8729,1042.6924,1818.0118,2400.1246,14082.8919,11732.5553,11707.6971,2840.7604,85.3849,2265.5033,1008.7255,1061.7015,954.8146,2988.7816,0.3116,0.9349,0.9349
TCGA-BP-4798-01,TCGA-BP-4798,,G4,1:DECEASED,10.97,1838.2771,2518.0821,533.1166,1383.5839,777.3222,981.7148,1016.6599,2049.9797,4828.8541,781.796,1128.8094,702.1536,3067.0459,9035.3515,47510.3616,5248.2731,29.2564,44.742,74.36,376.6761,38.1959,2298.2527,819.5855,1017.7936,114.5876,493.2954,132.4665,985.3718,3095.896,1385.6156,5055.4246,5047.9033,8501.4222,1224.7054,291.7513,2772.4502,1063.7952,1013.8155,1578.6266,1113.3685,2.8444,2.8444,9.7521
TCGA-BP-4799-01,TCGA-BP-4799,Stage III,G3,1:DECEASED,37.22,428.0915,1998.4003,186.8501,805.6311,348.1043,1093.585,351.9437,658.4546,6595.3735,556.071,847.2244,234.2025,7234.0426,18600.5439,31713.3259,3983.3627,3.1995,353.8634,473.5242,1874.2601,3004.9592,1135.8183,865.7815,464.1113,71.6685,556.071,42.8731,1130.6991,1176.7717,13514.6377,10581.3854,4648.1715,18404.7352,9312.43,278.9954,4350.024,620.0608,824.828,467.1253,753.1595,17.9171,0,0.6399
TCGA-BP-4801-01,TCGA-BP-4801,Stage I,G2,0:LIVING,36.93,1683.776,2301.1486,320.1723,1210.3374,902.7279,879.397,1198.4925,1078.9663,8685.5348,1135.3195,875.8076,448.313,2566.4034,25956.2096,31629.2175,3059.5836,152.5485,45.5851,128.8586,1597.9899,349.6052,1609.117,491.7444,517.6454,79.6841,244.0775,114.86,1179.1098,1545.944,2218.234,27796.3891,2585.3805,6864.6805,3562.4551,112.3475,2160.4451,872.2182,1304.0201,1169.7775,832.7351,3.2304,12.2039,9.3324
TCGA-BP-4803-01,TCGA-BP-4803,Stage III,G3,0:LIVING,6.7,1781.8868,3810.566,413.9623,1336.2264,1025.283,989.0566,923.7736,1807.9245,7632.0038,1141.8868,1190.9434,487.9245,3110.9434,21394.717,28745.283,4533.9623,23.0189,36.9811,109.8113,282.6415,51.3208,1360.3774,546.7925,318.2792,58.8679,250.566,110.1887,1166.7925,1532.8302,1522.6415,23256.7321,14140.9962,8728.6792,2583.3962,121.5094,3007.5472,863.3962,1266.7925,1190.1887,844.1509,0,0,3.7736
TCGA-BP-4804-01,TCGA-BP-4804,Stage I,G2,0:LIVING,47.93,1966.7336,2044.7376,426.7278,1021.5085,793.7998,822.4835,890.1635,1706.9114,6665.2538,690.565,1003.7281,606.2518,3439.0594,20628.047,24652.1365,2349.2974,86.6074,51.6203,83.166,780.0401,185.8331,1921.996,668.7697,1027.1867,87.181,558.6464,103.2406,1351.8784,1349.0106,1084.5999,8758.222,1045.1907,3475.1936,2467.4505,201.8927,2243.7625,793.8056,1635.2165,1190.1348,71.1213,66.5328,247.7775,543.493
TCGA-BP-4807-01,TCGA-BP-4807,Stage I,G3,0:LIVING,6.93,1307.2751,2536.9493,185.5072,1061.1566,720.9069,918.8119,1033.606,1173.1956,6269.9934,922.0261,1289.3672,414.6362,3323.0593,16478.0026,35437.8534,1794.9204,60.6113,136.3754,705.2949,1729.7173,1153.451,970.6988,444.9419,462.4457,38.1116,399.0243,136.3754,859.5781,1331.1522,1908.3369,34189.812,4135.9438,8908.4804,5460.5252,65.6622,2609.9584,939.4748,1041.412,713.1009,2828.0672,2.7551,0.4592,1.3775
TCGA-BP-4959-01,TCGA-BP-4959,Stage I,G3,0:LIVING,87.39,1270.51,3074.7545,167.2474,1358.2515,820.7159,617.675,935.6984,1148.8755,5924.2635,754.5138,1818.8153,372.5055,3214.7608,14531.5173,8418.4352,2128.9199,15.5211,1.9005,77.6053,2586.6329,37.694,710.8014,568.261,632.4169,40.8616,193.5382,117.8334,1285.7143,1251.8213,1830.8521,12658.5366,5637.0605,10025.6573,3810.8964,151.4096,2345.898,738.9927,792.8413,769.4013,4315.8061,3.1676,6.6519,13.3038
TCGA-BP-4960-01,TCGA-BP-4960,Stage II,G3,0:LIVING,71.35,1686.5841,2001.5165,326.5607,908.9434,763.1054,685.5836,1175.9091,1978.26,6448.3087,695.7583,845.9569,679.7695,4252.5564,14291.6322,89297.3858,3421.6194,13.5663,1487.2852,679.285,2513.6451,623.5661,1272.3269,640.524,1508.72,38.2764,389.5472,80.9134,1465.1624,1357.1164,2989.9197,6576.8496,1743.5094,4207.0123,4869.3394,157.4662,1692.8828,557.1881,1556.2506,1308.6652,174.4241,0,0.4845,0
TCGA-BP-4961-01,TCGA-BP-4961,Stage I,G2,0:LIVING,63.57,2165.7064,2781.07,487.2428,1337.9973,821.6735,962.4143,1195.6104,1795.3361,12866.2716,1622.2222,1612.62,600.2743,3807.4074,52761.5912,32520.439,1457.6132,9.3278,10.4252,13.1687,314.4033,34.5679,1317.9698,631.5501,621.048,60.631,160.2195,139.0947,1175.583,2008.5048,1939.9177,16482.8532,2350.2222,4344.3073,7469.1358,38.1344,3535.8025,1335.2538,1480.9328,1542.3868,191.4952,0.5487,0.5487,0
TCGA-BP-4962-01,TCGA-BP-4962,Stage II,G2,0:LIVING,58.64,1554.5183,2315.1606,147.1247,836.0717,920.0896,719.1934,711.3518,1146.3779,4937.2517,567.2143,1010.0822,556.3854,2815.1606,11897.6848,9363.7043,3840.1792,13.4429,2.9873,47.05,617.6251,127.3338,840.9261,575.056,934.1486,23.8984,277.4459,87.3786,1016.8036,942.4944,1246.4526,16118.6632,1360.4929,7284.9141,5457.8043,163.5549,2377.894,657.2069,1421.5833,692.6811,370.4257,1.4937,6.7214,0.941
TCGA-BP-4963-01,TCGA-BP-4963,Stage I,G3,0:LIVING,60.25,1880.1217,2902.0301,526.4487,1281.8515,784.9335,1077.324,821.7557,1632.5742,7108.3586,1109.4067,1233.7273,545.4067,3547.3307,19485.8923,37070.8819,2656.3054,19.6871,13.1248,139.9974,2081.0035,65.9884,1129.4584,760.8714,1071.9173,75.8319,214.0065,148.7473,960.6594,2478.0274,1324.1424,9763.9275,5443.3334,6770.1882,2607.8167,62.3426,1941.7352,754.3091,1286.9555,1074.7719,1658.0946,0.3646,10.2081,0
TCGA-BP-4964-01,TCGA-BP-4964,Stage I,G2,0:LIVING,61.17,1506.7716,2745.2761,318.2224,815.1813,647.1462,1171.3567,1255.3726,1420.8093,6624.2154,1028.3027,1276.1333,425.9184,2941.8539,22309.3018,61887.276,2019.3009,12.9754,31.4654,44.7652,464.8447,50.2798,955.6403,679.588,777.413,36.98,207.2825,125.8616,1132.4305,2572.0542,2097.8023,31856.0344,3201.2619,5005.5957,8520.3147,124.2397,2822.8043,765.8746,1062.3631,962.7767,1094.8017,0,22.0582,0.3244
TCGA-BP-4965-01,TCGA-BP-4965,Stage I,G2,0:LIVING,61.47,1253.2649,2860.3078,354.7108,1046.875,678.4049,933.7687,1016.3246,1054.8041,10046.5368,1562.9664,1746.2687,455.4571,3260.028,29336.2873,40567.6306,1196.8284,6.9963,6.5299,90.4851,519.5896,29.1511,1579.9907,599.8134,432.8078,81.6231,204.0578,180.0373,1275.4198,1652.2854,2328.3582,26841.966,11492.3461,6532.8825,4523.5541,118.2369,2791.5112,1067.3974,1035.4478,1445.1959,2651.1194,2.3321,1.166,8.8526
TCGA-BP-4967-01,TCGA-BP-4967,Stage III,G2,0:LIVING,6.73,1645.255,2775.3389,608.4571,1096.5139,704.9677,1056.8108,1364.1059,1755.9716,6985.3422,1130.7295,1285.0226,744.674,2817.9471,11131.6979,72604.9064,1965.4616,1.6139,37.7663,91.672,212.3951,20.6585,623.6281,546.1588,912.4112,42.9309,282.1175,250.4842,1293.0923,1653.9703,1566.1717,19026.4687,43778.7895,12866.6882,3872.8212,38.0891,1785.6682,1118.4635,1699.8063,1855.3906,1596.1911,1.6139,0,0
TCGA-BP-4968-01,TCGA-BP-4968,Stage I,G3,0:LIVING,57.36,1250.5883,1811.6447,313.6722,636.57,572.3287,614.3601,898.9885,1242.7295,7840.0648,563.7898,1024.0473,568.2318,2796.3976,17663.7062,44718.7842,2796.3976,17.0845,53.9871,94.99,1531.4582,147.9521,1065.3919,651.2627,1234.7988,55.6956,363.559,105.9241,1397.5154,1265.2811,1790.4598,25901.7007,480.9606,3739.1225,3451.7605,142.1434,1960.6218,617.0936,1125.8712,793.0644,323.9229,3.4169,0,0.3417
TCGA-BP-4969-01,TCGA-BP-4969,Stage I,G2,0:LIVING,58.94,2295.6631,1564.6372,263.553,902.0017,478.3153,853.211,3152.6272,2337.7815,5199.0742,711.4262,974.1451,708.5071,1561.7181,17298.5822,49302.7523,2152.2102,4.1701,22.1018,13.7615,1237.6981,10.4254,675.146,452.8774,1450.0584,25.4379,150.1251,65.4712,716.8474,1368.2235,1577.9817,28278.1568,2375.5296,6389.0742,3031.2761,37.5313,1619.6831,451.2093,1110.0917,884.4871,1061.3011,0,22.9358,42.5354
TCGA-BP-4970-01,TCGA-BP-4970,Stage III,G3,0:LIVING,14.22,937.38,3246.4012,334.9328,1359.8848,684.0211,958.2534,833.0134,1283.1094,7382.0921,1139.8752,1566.6987,483.2054,2848.3685,27400.9117,27875,1374.7601,8.1574,23.0326,183.0614,1137.2361,142.2745,1611.0845,583.2534,534.1891,81.094,174.904,177.0633,1137.476,1928.263,2648.7524,25007.4376,4540.3023,8419.6257,5427.7831,72.6967,2995.4415,1126.6795,1070.0576,1588.0518,1584.453,3.3589,5.2783,17.1233
TCGA-BP-4971-01,TCGA-BP-4971,Stage III,G3,0:LIVING,48.85,3894.6607,3837.1778,687.0383,1216.5893,544.0989,1215.0144,2267.0295,2359.947,6149.1857,812.2407,967.7594,593.3334,3345.8175,19296.1302,68699.4995,1462.2695,77.1688,57.4829,109.4537,1709.9183,75.2002,1472.5062,592.1522,2229.4413,92.5238,276.3902,139.77,1334.3111,2751.303,1913.4706,9851.9127,2073.1351,3973.0106,5334.4882,90.9489,2317.4255,1109.1042,1410.2987,1418.5668,430.334,9.4492,0,0.3937
TCGA-BP-4972-01,TCGA-BP-4972,Stage III,G3,0:LIVING,49.34,1941.4969,3297.4893,277.5936,1167.9299,698.7186,1113.6902,1391.7575,1811.7006,7884.5429,1438.6547,1632.1649,628.3752,4046.1866,21096.6367,37509.9479,1907.8636,110.8479,90.0047,334.6755,1637.1388,512.5533,972.9986,626.7172,586.6367,63.477,194.4576,174.5618,837.0441,1834.2018,1122.9275,17740.6016,7128.3254,7318.3325,3743.7234,70.8195,2271.4353,1181.6675,1141.639,1209.3794,353.1502,1.4211,0,0
TCGA-BP-4973-01,TCGA-BP-4973,Stage III,G3,0:LIVING,45.47,1825.4807,4381.9987,336.3617,1154.1658,825.1285,1110.219,1598.9858,1647.44,5969.2119,1416.7195,1259.5253,525.3891,3070.6388,19624.1989,97119.2337,2642.4396,5.0708,10.2514,101.979,826.8188,32.1149,682.0199,579.1957,923.9524,65.9201,120.5719,138.883,993.3094,2985.8441,2791.1825,7966.5582,5935.2461,8674.4137,1813.6488,81.6959,2306.3596,866.5399,1085.4286,1509.1204,3537.4322,0.2817,2.8171,0.2817
TCGA-BP-4974-01,TCGA-BP-4974,Stage IV,G4,1:DECEASED,6.93,2682.3834,2094.0415,588.342,1516.0622,650.2565,1043.5233,1634.1969,2314.5078,14401.9171,1247.1503,1491.4508,554.1451,4116.0622,41230.3109,64529.5337,1765.544,15.285,353.386,205.9585,2959.5855,72.2798,1663.4715,689.8964,1314.2902,76.943,232.9016,208.0311,1408.0311,2321.5026,4415.544,14904.8756,962.7927,3159.8446,6806.4767,46.8912,2488.342,1358.2902,1550.2591,1676.6839,415.8031,0.2591,3.3679,6.8964
TCGA-BP-4975-01,TCGA-BP-4975,Stage I,G3,0:LIVING,47.08,1381.7713,3511.1,285.7783,1010.4123,684.6454,1033.081,1289.5683,1358.8479,8618.8043,750.6138,1606.6753,411.6023,3321.6,23230.0592,33378.7556,2348.8839,13.4993,38.7151,61.1291,1894.2365,157.1526,805.3753,463.562,550.9078,37.6962,180.5854,120.4752,992.8377,2356.525,3337.901,24827.5651,6449.8462,5377.3191,3470.3473,28.5269,3104.8465,731.2563,1071.7961,1059.3156,1278.8707,1.0188,0.5094,0.7641
TCGA-BP-4976-01,TCGA-BP-4976,Stage I,G3,0:LIVING,53.61,1439.2831,2841.6034,359.3179,1108.8816,837.8217,1065.8842,1010.5658,1565.0066,11499.3337,1333.6753,1451.604,436.5121,2087.5136,23896.2731,23931.2242,1931.8679,11.5666,1.8205,16.3441,242.395,7.7949,730.4538,425.9514,557.4959,29.6708,190.5969,184.5622,1208.9576,1412.3782,1588.6426,35133.5335,3482.7633,9473.2687,2988.1971,27.9106,2288.9228,1237.6225,1800.1096,1525.5294,2853.6729,0.7543,0.2514,0.2514
TCGA-BP-4977-01,TCGA-BP-4977,Stage I,G3,0:LIVING,14.91,1782.1229,3687.1508,341.7132,924.581,715.7045,1004.9659,1511.4836,1294.2272,6056.7039,1220.6704,1196.4618,561.4525,2322.4705,15047.486,37470.5152,1678.7709,11.4836,9.0006,79.1434,816.5736,113.594,1963.6872,659.5282,1138.5164,62.0732,258.5351,176.288,1125.388,1716.0149,1239.2924,20601.5736,5315.838,9641.527,2296.3998,107.0764,1866.2322,740.8442,1096.2135,1264.1217,2554.9348,39.4165,0.3104,0
TCGA-BP-4981-01,TCGA-BP-4981,Stage III,G3,1:DECEASED,36.04,2108.9212,2460.5809,355.8091,603.7344,562.7541,803.4232,1426.3485,1872.9253,3582.9409,489.1079,726.6598,841.2863,1792.5311,7884.8548,72080.2541,2922.1992,7.2614,42.0124,73.1328,4906.639,55.4979,831.4315,519.7095,1945.7106,28.527,413.9004,82.4689,1536.3071,1720.4357,1224.0664,19221.3122,794.3724,5027.4896,5640.0415,177.3859,1590.7676,323.6515,1228.7344,851.6598,136.4108,1.556,1.556,0.8869
TCGA-BP-4982-01,TCGA-BP-4982,Stage I,G3,0:LIVING,33.31,1806.0183,3218.9683,488.1784,1091.3487,717.6249,1311.9291,1847.9312,1436.0559,9561.655,1298.4954,1691.295,385.2767,4159.3229,31178.9361,44774.5836,1562.6008,8.0602,12.2085,129.7689,2057.2273,38.9575,1202.0419,569.0489,801.5207,72.273,133.2617,149.6507,968.0279,2543.2563,1941.1607,18611.4213,2910.3842,4907.8452,2995.9699,66.6308,2804.4062,1069.5862,1234.82,1486.029,1220.043,8.3289,0,0
TCGA-BP-4983-01,TCGA-BP-4983,Stage III,G4,0:LIVING,46.42,1598.3773,1607.8431,391.8188,1449.2901,3682.2042,800.5409,832.3191,1370.5206,5629.4253,979.0399,1268.0865,1130.1555,3802.9074,11532.7924,11020.9601,1618.6613,27.7214,107.691,121.0277,636.2407,250.5071,750.8452,969.574,1177.7992,235.9703,419.2022,565.9229,1076.403,1691.6836,3564.9087,8150.5037,11333.7728,28876.6058,3650.4395,129.4794,1582.8262,940.8384,1255.9162,1267.4104,15.8891,7.7755,0,5.2738
TCGA-BP-4985-01,TCGA-BP-4985,Stage III,G4,1:DECEASED,31.27,1211.6505,3311.068,321.165,1308.7379,1009.7049,936.699,557.2816,910.6796,7388.6796,960.7767,1090.8738,520.3883,5599.6117,9071.8447,19879.6117,2483.8835,17.4757,71.7049,474.9515,1622.1359,1493.9806,1175.1456,1147.9612,1101.1417,107.1845,351.068,136.3107,1326.2136,1243.8835,1837.2816,8612.0699,1506.8039,37537.8641,4681.165,198.835,2097.8641,515.3398,1158.835,885.0485,2374.3689,29.5146,7.3786,0.7767
TCGA-BP-4986-01,TCGA-BP-4986,Stage I,G3,0:LIVING,25.79,2398.455,2984.0093,538.2773,1104.9826,767.864,1268.4434,1229.8185,1696.4079,7866.0239,1741.8308,1314.1754,480.8034,3967.555,15534.0286,44676.7092,1771.1858,67.9799,58.4009,196.2148,696.7941,33.063,1873.4647,663.4222,1010.8335,83.7389,160.0618,130.7068,1090.4596,2002.6265,1625.647,40855.1224,4540.0633,7069.2932,2780.0695,177.9838,2225.1062,1050.2897,1178.5245,1413.9822,1100.9656,2.472,0.618,0
TCGA-BP-4987-01,TCGA-BP-4987,Stage I,G2,0:LIVING,36.93,2389.8002,4157.9725,369.4317,1055.1193,839.6175,1018.4249,1560.1337,1617.3521,8601.53,1146.8553,1516.287,605.4575,2260.7479,28815.0509,62484.3598,2738.086,43.2248,1.5548,44.4686,297.5978,10.262,708.6994,558.1902,782.623,79.9191,183.7829,130.6072,999.7668,2463.189,1983.3631,18351.4266,5942.5577,4917.6708,1724.3256,51.31,2137.9149,888.4397,1365.4668,1320.9982,1334.6809,0,4.3536,0
TCGA-BP-4988-01,TCGA-BP-4988,Stage I,G2,1:DECEASED,27.2,2617.9724,1985.7143,913.3641,1242.3963,562.2074,1592.1659,2709.2166,2764.0553,6283.0737,759.447,759.447,650.6912,3370.0461,14999.0783,57421.1982,1727.6498,8.2949,100,69.5853,186.6359,21.1982,1388.0184,514.7465,3276.6267,74.6544,321.1982,231.3364,1116.5899,4338.7097,2724.424,5872.2396,1033.8986,2365.8986,5172.8111,144.2396,2323.9631,1103.2258,1704.1475,1608.7558,214.7465,6.4516,8.7558,0.4608
TCGA-BP-4989-01,TCGA-BP-4989,Stage III,G3,0:LIVING,3.88,2392.1528,2896.9085,535.6591,1030.8767,542.5189,1903.4211,2046.874,2017.8782,4853.5598,1108.7075,1003.407,697.8066,2543.2362,8672.7939,38780.727,1620.3306,28.6143,8.3935,120.943,2712.6326,77.4493,741.6818,681.7826,2029.3697,107.2081,384.5758,176.2639,1079.7117,2958.7153,1910.6701,10903.589,1769.4033,5380.2455,2036.9544,308.6526,1919.4451,881.701,1266.6583,1282.6823,468.511,0,3.0522,0.763
TCGA-BP-4991-01,TCGA-BP-4991,Stage I,G2,0:LIVING,46.42,2550.8021,4582.0257,684.9229,1267.2,739.1559,1233.3374,2006.6204,1549.476,14023.9167,1487.5711,1473.5498,505.2927,4933.8787,39121.5579,59996.4947,1488.6293,22.4868,8.9762,24.0742,545.769,41.7991,1242.8613,667.9916,802.1852,67.196,189.4186,218.7838,1095.5063,2898.6842,1953.1811,18609.7309,5004.1647,5746.3153,4180.1726,29.6297,2513.2358,1310.3218,1292.0678,1721.6988,663.4943,0.7937,0,0
TCGA-BP-4992-01,TCGA-BP-4992,Stage I,G4,0:LIVING,16.46,5269.6037,2010.546,558.5984,1404.3205,1543.7728,1375.7442,2184.0449,2271.1345,3648.7702,619.1529,586.4943,1142.3712,2015.9891,4683.7898,99045.4159,2871.917,54.431,31.7265,183.7047,3613.5397,12.9274,875.6591,608.2667,2925.6676,54.431,907.6374,64.6368,767.4775,2448.0218,2874.6385,18384.6641,2235.0196,3186.2562,2511.9918,238.1357,1576.4586,654.5331,1722.742,1122.6399,191.8694,0,3.4019,0.6804
TCGA-BP-4993-01,TCGA-BP-4993,Stage I,G3,0:LIVING,5.81,1120.7497,2222.8994,311.0555,1034.873,649.0217,676.3281,809.6942,1459.9031,8095.2993,802.9665,811.2771,722.2345,5744.238,51664.1075,21496.0742,2851.7381,3.5617,50.6554,60.1532,3360.2704,68.8596,1275.0902,613.4047,879.1514,114.3703,359.3364,72.4213,1017.856,1387.4818,3518.1726,13101.8529,1438.426,3786.0919,8324.495,113.9745,2980.751,873.8049,1236.703,1361.7584,721.443,1.1872,0.3957,0
TCGA-BP-4994-01,TCGA-BP-4994,Stage I,G3,0:LIVING,42.97,1633.829,2804.5672,542.4854,1325.0133,714.2857,1942.6447,794.2114,1737.6527,6879.8938,1056.5587,2134.0945,740.0425,3491.5029,13442.3792,17994.1583,2801.1152,39.8301,23.367,189.5911,413.1705,193.3086,618.1625,649.23,622.6447,32.1296,248.8051,62.9315,713.4891,1615.7727,924.0574,19209.5061,2542.974,8286.7764,4341.2108,96.9198,1994.9549,1420.0743,2425.6506,2284.9177,262.0818,105.4169,26.2878,44.23
TCGA-BP-4995-01,TCGA-BP-4995,Stage I,G3,0:LIVING,45.04,1263.2993,2821.4732,440.2169,1232.9215,688.7391,1607.6688,736.9246,1611.8589,6966.132,1050.3925,2062.8127,667.2651,3323.2314,17502.8757,26864.7512,2600.972,29.3303,21.9977,153.7224,476.356,161.0549,649.1955,602.0574,585.6272,39.0198,170.7444,86.1579,826.7487,1781.8177,1271.9413,27731.5672,3078.9516,7653.3836,4473.1375,61.8032,2182.491,1321.4362,1869.8087,2012.794,479.7604,73.3258,12.5701,26.9446
TCGA-BP-4998-01,TCGA-BP-4998,Stage I,G3,0:LIVING,30.62,1608.5327,3587.7775,487.1721,1306.4284,659.2678,1094.2635,1296.6273,1521.4759,7154.2721,881.8103,1334.9668,552.0323,4103.488,24317.0943,60667.6276,1663.8801,20.1787,22.7731,219.9481,1224.2721,382.8193,1377.3422,573.3641,1099.7665,75.8144,189.9683,162.0063,1174.1136,2536.7541,2286.5379,19938.7518,22647.3508,9011.819,7152.2052,59.3831,2799.9423,1074.6613,1147.593,1566.1574,1651.4846,4.0357,4.0357,7.5267
TCGA-BP-4999-01,TCGA-BP-4999,Stage I,G2,0:LIVING,41.59,2136.1426,3361.4263,476.7693,1209.6164,730.9562,1839.5462,1743.6521,1649.3787,11706.1588,1596.4344,1517.288,383.8466,4731.7666,49066.7207,36816.3155,1682.604,8.9141,1.6207,77.5257,455.9697,29.7137,1574.8244,555.9157,803.9519,64.0194,182.604,133.7115,931.3884,2848.7304,2312.2636,18121.5586,3416.7045,4570.5024,8930.5781,73.2037,4341.7072,1162.6148,1299.5678,1397.0827,713.9384,1.0805,19.4489,1.8909
TCGA-BP-5000-01,TCGA-BP-5000,Stage I,G3,0:LIVING,18.5,1846.6063,2106.7873,201.3575,773.7557,675.1041,716.7421,877.3756,1562.8959,5245.2081,571.4932,939.3665,654.7511,2480.0905,20099.5475,30693.2127,3463.3484,20.8145,28.0543,355.6561,1678.2805,59.7285,1589.1403,519.457,1200.3032,41.1765,580.9955,114.4796,1416.2896,1075.1131,977.8281,19060.0679,1625.3213,5633.4842,4715.3846,177.8281,2114.4796,538.4615,1390.4977,877.8281,212.6697,3.1674,3.6199,3.6199
TCGA-BP-5001-01,TCGA-BP-5001,Stage I,G2,0:LIVING,38.67,3126.4881,2109.127,225.6944,933.0357,691.4683,858.631,3168.1548,2578.373,4287.128,629.9603,603.1746,750,1548.6111,17047.619,81718.254,3281.746,42.6587,28.5169,55.5556,4909.2262,20.3373,545.1389,572.9167,2021.5575,20.3373,429.0675,98.2143,989.0873,1792.1627,795.6349,18430.253,1025.6498,3598.2143,2898.8095,90.7738,1622.5198,421.627,1394.8413,985.119,137.8968,0.9921,3.4722,3.3929
TCGA-BP-5004-01,TCGA-BP-5004,Stage I,G3,0:LIVING,36.99,1622.1524,2684.7342,440.9531,935.5852,745.2213,1262.6342,1692.8515,1365.017,7647.3894,1567.1642,1497.2506,582.0896,3574.2341,18444.619,31681.3302,1540.1938,7.3318,5.2501,21.7334,193.5062,46.6091,636.2922,608.0126,631.9272,43.7287,181.4611,154.4907,990.8353,2568.9945,1018.0676,28803.0898,3823.912,11786.5933,4337.7848,34.0403,2629.2223,864.8861,1142.4457,1304.2681,1334.3807,0.5237,1.5711,0.2618
TCGA-BP-5006-01,TCGA-BP-5006,Stage I,G2,0:LIVING,27.6,1463.672,2718.2479,366.0779,960.4348,699.538,589.2415,979.9377,1410.279,8110.5651,921.7489,1008.7123,512.1893,2595.1563,27298.2176,26939.4932,2115.898,42.2029,9.2718,212.6129,14588.4422,188.3143,700.5036,626.6485,833.8998,48.2775,261.8496,91.7593,927.1841,1703.461,4168.8114,21819.2375,1315.9428,6102.1501,7421.9487,36.7676,2262.3292,573.2555,1145.2322,690.2726,2586.5239,0.6394,11.1902,0.5339
TCGA-BP-5007-01,TCGA-BP-5007,Stage II,G2,0:LIVING,37.45,2161.8859,2708.8691,399.6044,904.0554,741.8398,856.5776,1631.3881,1495.2193,6202.3508,986.482,1133.5312,549.9505,2755.3577,32712.8256,61360.699,2174.0851,8.9021,1.9782,14.1774,227.1678,27.3656,1322.7827,560.8309,1064.6653,78.1405,254.8632,122.9805,920.211,1919.2219,894.4939,14394.4181,2814.8928,4759.9736,5404.8797,136.4985,2362.6772,708.2097,1215.2984,1138.4768,878.0086,3.9565,0.6594,0.3297
TCGA-BP-5008-01,TCGA-BP-5008,Stage I,G2,0:LIVING,35.18,2134.481,3113.697,320.607,1201.4516,767.7773,1070.0897,1235.9416,1376.6008,9020.0072,1062.2919,1038.2989,551.5401,4564.3763,23556.9685,29880.9345,1632.4266,14.3958,1335.8126,458.2671,5883.6937,713.1932,1271.0314,583.6307,844.0122,71.9791,344.3002,177.5485,1032.6005,2050.5054,5038.5388,24161.0473,2696.386,5340.8512,14969.2589,64.4813,2581.0515,1264.7332,1186.4559,1401.4936,1353.5075,23.6931,17.9948,43.1365
TCGA-BP-5009-01,TCGA-BP-5009,Stage I,G3,1:DECEASED,35.87,1522.8979,2644.5195,362.2372,1069.8198,766.5165,931.3063,755.6306,1289.4144,6019.009,857.7327,1122.3724,514.2643,4006.006,13831.8318,58994.7447,2447.4474,77.3273,64.5646,217.7177,1167.042,167.7928,1865.991,715.4655,924.3281,63.4384,355.8559,102.8529,1262.7628,1411.036,1528.9039,16909.3018,1947.8003,3373.4985,3630.6306,269.1441,1826.5766,630.2553,1191.0661,1066.4414,1334.4595,6.7568,4.5045,0.3754
TCGA-BP-5010-01,TCGA-BP-5010,Stage III,G4,1:DECEASED,28.84,2430.9825,2270.645,384.569,929.4756,801.6817,751.0549,907.7758,1570.223,5654.5208,712.4774,864.9789,705.2441,2553.9482,20787.824,46215.1899,3616.6365,19.2887,1444.8463,197.7095,4069.9216,229.6564,1201.3261,586.4979,1398.4931,69.9216,861.3623,77.7577,1328.5112,1228.4509,2734.78,5033.1947,805.7866,2769.138,4849.9096,121.7601,1735.9855,748.041,1596.745,1185.654,180.2291,1.8083,0,0.6028
TCGA-BP-5168-01,TCGA-BP-5168,Stage I,G2,1:DECEASED,48.06,1098.5885,1665.3901,175.0739,727.4319,875.807,977.7875,833.3516,1209.3227,7404.2806,971.6599,835.9777,444.2499,3395.1198,29525.331,40646.4602,2842.7618,27.1364,15.319,80.9717,1262.2825,42.4554,799.6499,597.0019,660.7156,32.8263,272.2399,99.7921,1306.9264,1328.8106,3676.9887,18857.3192,1115.6319,3091.3667,4866.1779,166.7579,2576.6495,567.677,1194.8791,822.4095,876.6824,0,19.2581,0
TCGA-BP-5169-01,TCGA-BP-5169,Stage I,G4,0:LIVING,6.34,1784.1051,1204.6308,206.5081,1131.4143,1280.3442,643.9299,891.1139,1682.1026,2514.3554,483.7297,933.6671,1127.6596,1198.373,6267.8348,14444.3054,5035.0438,23.7797,223.0914,58.8235,616.3955,135.169,1963.0788,550.6884,2111.408,45.6821,561.9524,131.4143,923.6546,1493.7422,1647.0588,4846.0013,1339.6996,13880.4756,2851.0638,197.7472,1677.0964,386.7334,1409.2616,933.6671,37.5469,0.6258,1.8773,0
TCGA-BP-5170-01,TCGA-BP-5170,Stage I,G2,0:LIVING,79.24,953.1549,1824.0918,203.6329,712.2371,567.3996,523.9006,543.9771,1252.8681,6985.1816,618.5468,824.0918,406.3098,2675.4302,25904.8757,33489.4837,2407.7438,1.912,141.0134,272.4665,1447.4187,152.0076,1821.7017,574.0918,746.8021,39.675,211.7591,72.1797,1458.413,1013.3843,2166.826,12204.522,1058.7954,5056.4054,10128.5851,62.6195,2536.3289,472.7533,1073.6138,888.6233,531.5488,0.478,0.478,1.912
TCGA-BP-5173-01,TCGA-BP-5173,Stage I,G2,1:DECEASED,2.04,1084.0247,1384.267,250.0186,1125.8167,1022.4366,813.8434,898.8937,1530.5388,7387.9604,1103.0877,868.0996,563.4582,2242.1019,24643.3249,37504.2502,1537.1376,12.0977,25.6617,43.2583,577.0223,24.1953,1040.3998,617.7145,660.236,69.2867,269.0816,289.9775,1411.0285,998.2413,1461.6188,30500.0646,8186.1978,6244.2318,2520.3484,85.4169,1561.3329,804.6785,1314.9803,1221.1317,881.6637,6.5987,28.5945,4.3992
TCGA-BP-5174-01,TCGA-BP-5174,Stage I,G2,0:LIVING,74.15,1359.8531,2289.6777,136.2709,1172.1746,923.7005,456.1404,1009.3839,1453.2844,4177.4459,562.2195,944.9204,645.4508,1022.8478,11913.5047,22334.9653,3274.5818,13.0559,2.04,38.7597,1714.8103,29.7838,593.6353,603.0192,800.9996,28.1518,358.6291,84.0473,1120.767,960.4243,1462.6683,26368.4007,1610.5426,7420.6446,4738.0661,78.7434,1715.2183,325.1734,1200.3264,842.9213,2044.8796,12.6479,1.224,0
TCGA-BP-5175-01,TCGA-BP-5175,Stage I,G3,0:LIVING,30.62,1373.7374,1424.087,149.8057,1010.101,854.7009,653.3023,754.0016,1563.3256,2703.3038,712.9759,767.0552,719.8135,1287.3349,6868.6869,18866.8221,3951.5152,16.7832,75.8353,60.9169,510.9557,55.9441,1072.8827,680.0311,1964.2953,26.7288,747.1639,94.4833,1570.1632,827.972,985.8586,16102.8003,731.0023,5568.2984,3251.5929,238.073,1578.244,369.8524,1125.0971,934.2657,60.2953,12.432,0,0
TCGA-BP-5176-01,TCGA-BP-5176,Stage I,G2,1:DECEASED,52.23,692.6829,1963.9024,210.0813,1041.626,1154.7935,336.5854,696.2602,1235.4472,7022.413,800,1194.1463,553.1707,3192.8455,26906.9919,11436.4228,3463.0894,11.0569,41.8146,67.6423,1838.6992,136.9106,923.252,593.8211,637.5382,26.9919,264.7154,90.0813,1171.0569,849.4309,1552.1951,19052.0715,1513.3626,6444.5528,4837.3984,184.3902,2102.1138,412.3577,1060.813,937.2358,706.0163,7.4797,1.9512,6.7642
TCGA-BP-5177-01,TCGA-BP-5177,Stage I,G3,0:LIVING,9.63,1481.2648,2236.0752,255.6543,1041.0712,741.303,556.3182,679.1943,1632.4969,6891.806,866.8842,1039.7209,590.9756,3975.6948,37152.2449,59887.4761,2253.6289,4.0509,19.0796,18.904,1153.145,32.857,1211.6575,663.441,888.2818,72.0153,272.758,99.021,1303.477,1109.4858,2465.6239,19445.2571,1387.6539,3110.1609,4481.6023,151.6822,2281.9849,936.1989,1265.669,1384.4942,199.3924,0.4501,0.9002,1.8004
TCGA-BP-5178-01,TCGA-BP-5178,Stage IV,G4,1:DECEASED,62.81,1049.5553,1469.2927,321.0504,899.1953,921.2198,477.3401,434.1381,1534.9428,5135.4977,601.4401,914.443,792.4608,4641.2537,14431.5968,4851.3342,2444.7268,2.5413,50.2753,82.1686,633.2063,50.4024,1094.4515,830.5803,1083.3799,43.6256,389.2418,94.028,1077.9331,783.1427,1263.4477,6891.6688,1059.2588,12016.5184,6174.5023,148.6658,1782.7192,365.9466,1292.249,1120.7116,41.5078,1.2706,5.9297,0.4235
TCGA-BP-5180-01,TCGA-BP-5180,Stage I,G2,0:LIVING,74.34,1140.8829,2502.1517,194.7678,670.2819,893.4752,548.1572,462.5296,1552.8781,3624.4246,552.3684,439.368,632.732,1576.3906,6069.3847,23528.648,6112.1985,12.6336,14.3882,493.4117,1289.6784,177.2211,964.0127,548.8591,1045.3449,43.5157,382.8678,144.9353,1091.4014,1315.2966,2283.1695,19173.1178,2869.1433,4767.7745,5678.0945,63.8698,1185.1004,187.0472,1125.0909,916.9877,131.9508,1.4037,0.7019,0
TCGA-BP-5181-01,TCGA-BP-5181,Stage I,G2,0:LIVING,49.11,1077.9077,3077.217,206.103,867.0287,971.366,594.7964,918.0952,1289.8888,6368.2006,848.292,896.0521,447.475,2926.2217,24855.8014,32612.0304,2669.0522,8.8172,5.8782,91.4789,1289.5214,38.208,749.8328,456.6596,649.0775,26.0843,217.1246,170.4667,1157.9976,1709.8099,1944.9363,27616.6411,3809.0296,6211.746,3011.4551,93.3158,2338.0383,596.2659,1062.4775,1061.008,1038.5975,1.1022,2.9391,0.3674
TCGA-BP-5182-01,TCGA-BP-5182,Stage I,G3,0:LIVING,38.27,1510.0994,2283.1036,326.7073,1265.1491,1116.7041,599.5511,970.824,1332.4784,6769.4325,871.1125,1541.8403,471.3049,3175.0561,14355.8833,10825.2645,1971.1446,59.9551,35.9089,245.5915,1681.6287,375.7615,1027.2523,565.2453,577.3517,39.1151,243.0266,136.9029,1422.2507,1330.8753,2274.1263,13172.4623,3187.076,9185.6364,5062.52,102.9176,2291.4396,1041.0388,1267.0728,1099.0702,1145.5595,28.8554,0.6412,0.3206
TCGA-BP-5183-01,TCGA-BP-5183,Stage III,G3,0:LIVING,42.41,1914.843,1764.9857,489.058,1376.784,917.2169,812.5595,781.6365,1931.0181,5568.8297,1151.2845,1021.8839,613.2255,2027.117,12362.0362,40099.4291,3949.0961,30.9229,3.8059,47.5737,1077.5452,22.8354,643.6727,672.6927,853.6441,97.5262,340.628,249.7621,1169.3625,2551.8506,2216.4605,33000.9515,3630.5947,6000,3150.333,54.7098,1538.059,402.9496,1165.5566,1238.8202,2941.4843,0.4757,68.9819,0
TCGA-BP-5184-01,TCGA-BP-5184,Stage I,G3,0:LIVING,37.22,1169.0583,2378.0269,247.9821,819.2825,801.7937,623.3184,975.3363,1362.7803,8299.0583,894.1704,1219.2825,456.0538,2633.1839,34929.5964,24339.9103,2185.6502,27.8027,6.7265,51.5695,3792.8251,134.9776,1199.5516,564.1256,612.1839,64.1256,245.2915,150.6726,1134.0807,1487.8924,2507.1749,20333.4843,1588.6323,2967.713,3568.6099,35.426,3280.7175,622.4215,1278.4753,950.6726,456.5022,0,0,0
TCGA-BP-5185-01,TCGA-BP-5185,Stage I,G3,0:LIVING,37.19,1471.6619,1196.926,102.7858,418.828,1032.6513,682.9971,960.6148,1302.5937,2297.781,441.8828,446.6859,785.7829,694.5245,12899.1354,17146.9741,5946.2056,11.5274,15.3698,31.7003,1912.5841,10.5668,479.3468,339.097,1671.5562,16.3305,1024.0154,76.8492,1406.3401,1345.8213,1545.6292,25240.4611,560.9894,2768.4918,3200.7685,240.1537,1589.8175,210.3746,1270.8934,558.1172,44.1883,5.7637,118.1556,0
TCGA-BP-5186-01,TCGA-BP-5186,Stage I,G2,0:LIVING,22.77,2050.2339,2685.6109,367.7104,960.3535,883.83,780.1423,1213.7756,1577.1794,7172.2508,1033.2331,1278.0421,609.8692,2297.693,28339.2079,40998.0521,2340.7582,41.4088,9.6764,45.0528,1978.6794,34.1209,1130.9579,552.5594,686.3331,56.6473,267.3354,142.4464,1197.8746,1805.4249,2462.0033,43064.3891,2421.9096,6123.8687,3155.6839,54.3284,2442.4583,819.5635,1286.9864,1200.1935,1300.5685,4.6378,1.3251,0
TCGA-BP-5187-01,TCGA-BP-5187,Stage I,G2,0:LIVING,13.34,1284.3636,3393.4545,324.3636,1085.8182,736,1192,843.6364,1477.8182,8898.6982,1480.7273,905.4545,463.2727,5368,37427.6364,20525.8182,1978.9091,2.9091,51.6364,67.6364,968,326.5455,1077.0909,789.0909,451.0255,85.0909,239.2727,182.5455,937.4545,2050.1818,5285.8182,24861.8182,10283.6364,5681.4545,6642.1818,120.7273,5302.5455,722.1818,1153.4545,1450.1818,1005.0909,0.7273,1.4545,0
TCGA-BP-5189-01,TCGA-BP-5189,Stage I,G4,1:DECEASED,27.0,1945.8944,4378.2624,238.1123,1736.6226,884.9958,983.4346,690.9784,1849.1241,8850.5494,1733.0473,1448.2183,419.2587,5674.4131,24373.0187,25084.2569,2176.3795,6.4355,29.0907,66.9765,1214.3964,39.0895,2270.2896,672.1487,522.915,46.9551,131.3312,190.9188,1058.5151,2600.1668,2298.6533,15677.2733,6134.9946,8580.6221,4525.8015,68.645,3108.8071,786.0803,1197.7118,1306.3997,1212.2512,0.2384,1.1918,0.2384
TCGA-BP-5190-01,TCGA-BP-5190,Stage I,G3,0:LIVING,33.21,1252.5346,3100.4608,168.2028,937.3272,676.0369,675.576,1269.5853,1399.5392,3574.1521,608.7558,996.3134,586.1751,1391.7051,9931.3364,11022.5806,3835.4839,5.0691,0.9217,20.7373,741.4747,68.6636,646.5438,710.5991,902.4793,25.3456,198.6175,121.659,784.7926,1277.8802,595.3917,14570.0461,1341.47,7989.8618,3641.9355,138.7097,2262.6728,265.4378,949.7696,864.0553,656.2212,45.6221,6.9124,0
TCGA-BP-5191-01,TCGA-BP-5191,Stage III,G2,0:LIVING,31.77,1220.9583,1331.757,178.8711,722.0021,1110.8838,928.3918,762.5558,1024.707,2394.0994,522.854,811.0755,564.8562,938.5303,7116.4636,11476.7187,4647.7524,43.4505,12.311,136.869,600.3407,46.3472,979.8082,773.4184,1280.3044,32.5879,740.8306,62.279,1190.543,1354.2065,696.6559,12166.676,1567.838,4889.6267,4670.2018,274.4622,1846.6452,343.2587,855.9743,683.6208,292.5665,30.4153,18.8285,0
TCGA-BP-5192-01,TCGA-BP-5192,Stage I,G2,0:LIVING,23.46,1600.6557,2934.4262,253.4426,899.3443,878.6885,660.3279,1240.9836,1595.7377,7959.9836,1259.6721,1162.623,507.2131,2488.5246,31749.5082,35144.5902,2652.7869,7.2131,8.8525,41.9672,1571.8033,23.6066,663.9344,516.0656,632.1574,38.3607,254.4262,129.1803,986.5574,1415.082,1841.3115,29400.9836,2909.6623,5815.4098,5299.0164,40.9836,1946.2295,711.4754,1191.8033,1045.2459,1659.6721,0.9836,4.2623,0
TCGA-BP-5194-01,TCGA-BP-5194,Stage I,G2,0:LIVING,13.4,1335.2852,3233.8373,291.8062,889.354,682.2747,977.9828,1318.2841,1299.8894,9807.8998,1255.2963,1493.5908,433.3894,3457.3603,24408.6012,34974.9408,2027.5934,23.6901,15.0502,34.5597,602.0071,67.1684,826.9237,615.6638,461.5304,70.5129,206.2432,132.6645,1144.6496,2066.3337,2605.9104,35163.068,2892.2205,4995.8229,4330.5493,86.6779,2917.2261,926.4221,1149.9451,1264.2149,906.0764,1.9509,3.0658,0
TCGA-BP-5195-01,TCGA-BP-5195,Stage I,G2,0:LIVING,24.61,1561.9491,2745.385,368.5348,1250.9563,746.0502,640.2794,839.1818,1664.3938,9799.3747,1128.8874,1036.4211,493.2646,3463.4958,33472.1437,21060.7018,2064.5269,27.2742,25.6112,73.1748,1256.2781,60.2029,1639.4479,675.2037,538.2238,62.1986,225.844,146.3496,1164.1444,1562.2817,1642.1088,19636.4543,3299.1385,4476.3013,4380.8415,130.7168,2787.9594,790.2877,1281.8892,1151.8377,917.3458,0,0.6652,9.6358
TCGA-BP-5196-01,TCGA-BP-5196,Stage I,G2,0:LIVING,33.44,1478.0507,2643.1736,363.673,1054.7725,722.1104,610.149,761.176,1593.234,4595.2155,695.9323,1342.7306,841.7237,2148.2078,12272.654,54701.5707,2567.8615,82.1587,45.1067,311.317,1668.5461,37.8574,1549.3355,782.1184,1012.2996,73.2984,405.1551,102.6983,1829.6416,1781.3129,2002.4164,6688.9448,2587.503,17743.0528,6327.4265,242.8514,1609.7463,570.2779,737.4144,1241.2404,808.2964,0,2.0137,6.025
TCGA-BP-5198-01,TCGA-BP-5198,Stage III,G3,0:LIVING,19.81,1991.0227,2399.833,426.1105,1195.2154,1085.397,605.5056,534.8006,1244.8593,7340.1381,1037.6335,1182.8044,867.2645,5323.56,14749.5144,22992.6644,2431.4246,7.1457,509.6025,61.3027,3442.7318,1077.123,1251.6289,745.0351,809.9145,78.979,342.2423,220.7651,856.734,1434.4089,4130.9773,3776.0156,7168.3813,9180.7434,6064.082,131.2556,2080.1562,649.5082,1265.1682,981.596,1995.9119,2.2565,0.7522,0.3761
TCGA-BP-5199-01,TCGA-BP-5199,Stage II,G4,0:LIVING,44.51,2610.5157,1806.7649,360.3483,1127.9303,959.4608,1023.7776,1442.3979,1566.6443,6745.6798,771.6008,943.7374,858.004,3430.3416,21801.7415,79496.6644,3295.7133,15.4052,375.7535,118.5532,1684.1929,156.3965,1287.006,678.8346,1452.2974,69.9933,621.9022,123.5767,1524.7823,1918.6202,2241.795,21512.1969,1496.8252,2373.7441,8907.9035,83.3891,2233.4226,827.1936,1432.351,1363.6973,108.5064,0.6698,0.3349,0
TCGA-BP-5200-01,TCGA-BP-5200,Stage II,G4,0:LIVING,34.92,1793.7579,3116.22,327.7418,1255.6306,1033.2153,1323.5314,704.9388,1539.7982,13186.2514,1783.0649,1147.8981,728.7309,4827.1069,26798.904,34283.7666,1682.5503,8.8218,245.6727,210.3856,3027.7351,418.3653,903.5621,722.8497,747.5961,67.9008,239.7915,221.8806,1126.2447,2554.3006,5669.986,49587.9409,3462.1132,5009.9579,12446.4345,93.8315,1993.4505,1202.7,1255.8979,1442.7588,329.3457,0.5347,190.8708,0
TCGA-BP-5201-01,TCGA-BP-5201,Stage IV,G4,0:LIVING,31.24,1572.4272,2804.6602,309.5146,862.9126,914.1631,763.4951,825.6311,1633.3981,5009.2699,932.8155,980.5825,809.7087,3245.4369,15624.466,41474.9515,3090.0971,25.2427,22.1359,80.3883,5769.7087,55.9223,998.0583,746.4078,1109.1806,92.4272,626.4078,178.2524,1217.0874,1805.8252,4696.699,19802.7184,2507.165,4377.4757,4617.8641,257.8641,1674.9515,460.5825,1240.3883,1076.5049,617.0874,1.5534,176.699,0.3883
TCGA-BP-5202-01,TCGA-BP-5202,Stage III,G2,0:LIVING,0.95,1679.6189,2328.1227,195.9208,1269.6144,859.0144,637.7847,1313.384,1489.0576,8084.6955,1481.9116,1111.8059,430.5494,2594.0152,22651.1836,19662.3493,2199.4938,38.7078,9.5281,18.7584,1183.2663,26.7977,662.4981,562.7512,515.5069,42.2808,328.7182,154.5333,1047.4914,2329.6085,2741.1047,27486.5089,3136.2662,4360.2799,8969.1827,94.0896,2405.2404,665.7734,1013.8455,1088.5812,1658.4785,0.8933,2.9775,0
TCGA-CJ-4634-01,TCGA-CJ-4634,Stage I,G2,0:LIVING,114.91,1878.572,3963.8669,464.1709,1258.0561,774.0815,991.9222,1579.7794,1748.632,9010.4299,1376.8783,1416.4857,455.1377,2295.1446,19045.6006,50750.2823,2379.2235,22.5832,46.5561,53.5047,928.3419,37.1754,940.8495,587.1623,783.2363,47.5984,232.4329,136.1939,1008.2515,2798.5755,1766.6985,41961.2612,3398.8326,3184.9214,3062.9723,97.9762,2262.8333,918.9612,1202.8142,1537.0451,69.1392,0.3474,2.0846,0
TCGA-CJ-4635-01,TCGA-CJ-4635,Stage I,G3,0:LIVING,46.52,2028.1963,2701.4296,603.261,997.1049,784.6891,1105.5619,1078.0728,1470.9171,6487.3294,962.6186,917.6364,553.7806,2676.9393,14993.5588,52572.1683,3768.5067,41.9834,14.9941,70.9719,417.8344,64.4745,834.1695,617.2554,1124.5044,87.9651,352.8602,278.3897,1190.0285,3758.5107,1999.2078,15227.8959,4182.1278,9016.4272,1999.7076,134.9465,1892.75,1076.0736,1283.9912,1520.3975,716.716,0,3.4986,1.4994
TCGA-CJ-4636-01,TCGA-CJ-4636,Stage III,G3,0:LIVING,63.21,1942.5724,2604.4316,406.4508,951.8815,545.9499,1117.6085,1152.2224,1581.749,6028.4935,877.9337,1068.31,623.5741,2703.5532,16796.1191,24197.7186,2483.2831,31.9916,31.9916,101.2194,559.0665,70.8011,934.5745,865.8712,792.1542,73.9478,519.7325,170.9715,1152.2224,1448.0136,710.6333,14133.9976,1877.7711,11905.5985,3601.9405,71.3256,2022.8137,828.6351,1100.826,1198.8986,686.5085,12.5869,9.9646,16.7825
TCGA-CJ-4637-01,TCGA-CJ-4637,Stage IV,G4,1:DECEASED,73.16,1326.2743,1658.4909,576.3029,988.4415,1605.7855,1047.6271,1036.3948,1381.5717,4373.6335,738.3071,1134.4613,592.2873,2460.7356,5760.8689,43404.1616,1992.0035,59.1855,249.4346,269.143,1418.2926,31.1048,1220.8635,943.5124,1332.5644,149.0439,570.2547,217.3016,1545.3039,3046.1107,1908.1933,21712.5743,1745.7571,10284.4578,2900.0909,176.6926,2103.4624,1025.5945,1171.1823,1378.9796,582.351,6.9122,6.0482,0.432
TCGA-CJ-4638-01,TCGA-CJ-4638,Stage IV,G4,1:DECEASED,14.16,2426.4808,1915.6794,236.9338,652.9617,787.4564,735.8885,953.3101,1832.0557,2403.4146,393.7282,817.4216,983.9721,733.7979,4137.2822,29814.6341,5438.3275,11.1498,2.7875,49.4774,2294.7735,37.6307,365.8537,682.23,1506.3206,27.8746,649.4774,161.6725,1274.5645,1603.4843,1283.6237,7918.2439,1624.2857,7787.4564,2734.4948,13.2404,1399.3031,309.4077,1661.324,858.5366,320.5575,5.5749,11.8467,2.0906
TCGA-CJ-4639-01,TCGA-CJ-4639,Stage II,G2,0:LIVING,106.08,1511.3336,2237.241,358.2256,1033.5141,624.1135,1675.4276,1211.5144,1327.7708,9583.4571,1563.0649,1020.7203,482.2695,3443.7491,24923.9327,56137.9502,1335.5583,14.4625,28.3688,113.4752,482.2695,16.6875,704.2136,710.8886,725.4624,83.9939,201.3628,158.5315,911.6952,2533.7227,1634.2651,17994.1594,1980.687,6775.6918,3548.8805,63.9688,2345.1537,1062.9954,1050.2016,1370.6021,507.857,0.5563,0.5563,0
TCGA-CJ-4640-01,TCGA-CJ-4640,Stage III,G4,0:LIVING,114.32,521.0449,2488.2409,165.929,763.3429,791.8077,716.4801,714.7444,638.7226,6288.2722,906.0141,1528.7685,504.7297,2928.0569,11621.9734,20109.3465,2732.9688,16.3152,19.7865,304.4346,1949.1452,191.6168,807.4286,863.3168,727.4772,69.0792,490.4973,149.6138,1309.0341,1088.2583,989.6728,11810.9624,1251.5699,6609.737,5906.1008,147.1839,2577.8009,630.3914,978.9117,939.6858,48.5985,81.9231,13.5381,1.3885
TCGA-CJ-4641-01,TCGA-CJ-4641,Stage IV,G4,1:DECEASED,54.57,1408.4279,3569.2869,461.5073,1178.282,708.2658,966.7747,1000,1273.906,4581.3695,855.7536,1344.4084,487.4392,2327.7958,8207.4554,15361.4263,1929.4976,35.2512,69.5462,262.1556,1842.3825,42.9498,955.8347,801.4587,1011.7261,130.47,330.6321,151.1345,1167.342,2190.0284,1625.6078,9399.5138,1149.8947,12776.3371,3275.5267,111.8314,1923.825,779.5786,826.9854,1276.7423,1781.6045,14.1815,3.2415,4.8622
TCGA-CJ-4642-01,TCGA-CJ-4642,Stage II,G2,0:LIVING,105.29,912.4088,978.1022,364.9635,795.6204,964.7445,664.2336,1423.3577,1321.1679,11758.8321,525.5474,1080.292,708.0292,211.6788,8503.6496,9467.1533,5262.7737,116.7883,0,116.7883,802.9197,109.4891,255.4745,116.7883,1632.4818,43.7956,1423.3577,321.1679,2394.1606,481.7518,1445.2555,17656.9343,715.3285,1036.4964,9452.5547,270.073,1861.3139,729.927,1131.3869,591.2409,0,0,43.7956,0
TCGA-CJ-4643-01,TCGA-CJ-4643,Stage II,G3,0:LIVING,58.9,1868.4008,3953.4526,499.7005,1332.4206,667.0625,1194.4896,1400.8728,1598.6994,9098.4068,1472.063,1281.4238,490.8017,3589.9718,30721.9988,60494.9089,2321.8961,3.0803,15.0595,129.7168,3140.9258,59.2111,1025.0706,630.1018,799.1923,103.3627,185.8475,121.1603,983.9993,3137.1609,2175.4086,30838.097,3774.4263,4984.3416,5065.4573,52.0236,2569.6928,1147.9422,1121.2458,1591.8542,311.1149,0.3423,0.3423,0
TCGA-CJ-4644-01,TCGA-CJ-4644,Stage IV,G3,1:DECEASED,11.04,489.4434,2510.1727,151.2476,1024.5681,653.7428,730.5182,609.5969,961.9962,8262.5566,1069.0979,823.4165,384.261,2809.5969,16490.9789,18149.7121,2975.048,2.6871,2.6871,52.5912,1071.4012,49.5202,923.6084,622.6488,600.1574,73.3205,349.3282,161.6123,747.025,1486.7562,1028.7908,23900.5758,3044.1305,7056.8138,4115.547,137.428,2654.8944,654.1267,922.4568,784.261,1778.8868,0.3839,61.0365,0
TCGA-CJ-4868-01,TCGA-CJ-4868,Stage IV,G3,1:DECEASED,21.22,1231.981,2181.4827,384.543,981.9765,1494.8723,753.1064,561.3503,1197.4443,6632.0166,740.735,1158.2683,589.7014,4838.2316,21928.7461,50312.2479,2952.1151,21.6499,630.6093,229.9011,1523.7388,821.1488,1753.6399,688.1567,705.59,133.5076,897.4389,165.9824,1271.157,1201.0526,2697.9868,13853.8582,8108.9195,6089.8006,5910.4159,97.4244,2937.6819,950.5326,1134.5566,1118.0614,298.459,1.5464,0,0
TCGA-CJ-4869-01,TCGA-CJ-4869,Stage III,G2,0:LIVING,83.9,1066.1996,1708.5814,201.4011,738.704,1081.958,547.1103,418.2137,1248.6865,4514.5009,622.0665,907.8809,695.2715,2625.5692,12769.8774,18119.4396,3185.9895,22.4168,37.8284,300.5254,1180.3853,56.7426,1350.9632,711.7338,1047.0438,77.4081,666.5499,86.8651,1539.7548,1099.4746,1673.9054,13511.1594,2424.697,9161.8214,4568.8266,190.8932,1771.6287,539.4046,691.4186,1041.331,511.3835,7.0053,1.7513,0
TCGA-CJ-4870-01,TCGA-CJ-4870,Stage III,G2,0:LIVING,49.21,824.6432,2084.7268,121.205,716.4565,700.2958,498.7363,584.9266,1089.4987,8471.7615,600.1894,1015.8779,588.9667,2751.8035,47923.1291,38107.3158,4255.195,6.2847,18.4052,93.8217,1582.8481,132.8766,1070.1957,502.7765,864.4479,44.4419,421.5242,65.9894,816.5629,860.5558,2510.2912,34614.2268,2183.6212,3242.9084,6594.4524,310.644,2482.9078,477.1888,989.3923,655.854,588.9667,24.6899,0,0
TCGA-CJ-4871-01,TCGA-CJ-4871,Stage IV,G4,0:LIVING,79.6,870.3491,2674.3383,223.6287,878.4043,571.1546,679.3249,499.041,1311.8527,8850.7518,1139.6241,1315.6885,415.8036,3833.1415,19713.4638,20146.145,2595.3203,8.0552,258.7572,274.2616,3040.6598,256.6168,1190.6406,597.2382,644.86,57.1538,378.2125,100.1151,1100.1151,1490.2186,3056.7702,15230.9168,1988.481,5671.6532,2997.6985,183.3525,1997.3149,546.9889,984.2731,753.3563,462.2171,0.3836,0.3836,0.7672
TCGA-CJ-4872-01,TCGA-CJ-4872,Stage I,G4,0:LIVING,47.14,1214.9571,2349.8161,519.0029,1020.0245,847.5644,889.2521,954.6383,1492.8484,8596.555,919.9019,1123.4164,454.8427,4495.709,32919.4933,36664.4871,2374.3359,7.7646,173.6821,136.9023,2635.472,68.6555,1723.7434,683.2857,690.1267,109.1132,402.1251,162.6481,1012.6686,1897.4254,2420.9236,10844.8018,1756.3384,5380.0572,1853.2897,176.5427,2698.4062,903.1467,1237.4336,1113.1998,347.3641,0.8173,1.6347,11.8512
TCGA-CJ-4873-01,TCGA-CJ-4873,Stage III,G3,0:LIVING,74.21,2327.1153,1667.555,651.5656,697.535,729.5137,698.2012,940.7062,1836.7755,2959.3404,730.8461,704.1972,648.9007,1977.3484,4690.8728,14945.3698,3847.435,28.6476,42.6382,143.2378,1271.8188,47.3018,878.7475,602.2652,1875.4231,72.6183,701.5323,70.6196,1338.441,1508.3278,933.3777,10154.7568,584.8767,7393.7375,4329.1139,540.3065,1656.8954,475.0167,1321.1193,932.0453,834.7768,17.988,0.6662,3.3311
TCGA-CJ-4874-01,TCGA-CJ-4874,Stage I,G3,0:LIVING,75.0,438.9886,2650.7878,170.7585,789.6665,599.8498,889.7032,539.3917,691.8285,10817.4753,920.1173,887.871,312.9351,3353.9758,22980.2125,28378.8934,2331.2569,3.2979,4.3972,69.6226,918.2851,33.712,970.3188,661.4144,601.6013,54.5988,286.5519,142.7666,915.72,1565.4086,1141.8102,31056.5665,2647.3653,7782.7043,2152.0704,152.0704,2709.7838,729.5713,852.3269,763.6497,1510.4434,0,12.4588,0.3664
TCGA-CJ-4875-01,TCGA-CJ-4875,Stage IV,G3,1:DECEASED,116.75,1874.322,2073.8193,371.4777,724.9636,378.8755,1210.213,1967.9852,1485.3817,4894.7374,686.3342,721.2594,613.3086,1648.8954,14197.116,52886.8898,3466.5961,40.217,10.5834,59.2671,752.4805,56.0921,660.934,493.7161,1213.0282,40.7461,621.2462,141.8177,934.5151,1789.1255,748.7763,13059.6111,1306.6173,4849.3187,2546.8977,149.7553,1563.6989,411.1655,1085.8579,815.9809,327.0274,2.1167,0,0
TCGA-CJ-4876-01,TCGA-CJ-4876,Stage II,G3,0:LIVING,64.22,1907.3091,1636.178,95.5492,510.0041,835.8514,707.6358,792.9767,1434.8714,3356.8395,515.7207,736.2189,1006.9416,1071.0494,8685.9943,62287.8726,3498.1625,2.45,19.1915,29.8081,4636.9947,10.2082,368.3136,724.3773,1779.9102,27.7664,655.3695,73.9077,1022.8665,1788.0768,1004.9,83454.0629,814.3283,6847.2846,6051.4496,222.1315,1585.9535,367.0886,1214.7815,774.6019,247.4479,0.4083,19.5998,0.4083
TCGA-CJ-4878-01,TCGA-CJ-4878,Stage III,G2,0:LIVING,71.81,1528.781,1851.0158,399.5485,1108.9165,437.3589,840.2935,1249.4357,1353.2731,5324.8194,576.7494,1023.702,1083.5214,6019.7517,18987.5847,76695.8239,2058.1264,1.1287,60.3837,317.1558,11085.7788,129.7968,392.7765,660.2709,1090.5192,145.0339,434.5372,85.2144,1085.7788,2137.6975,11103.2731,12694.684,2037.5959,4445.8239,11092.5508,132.0542,2009.5937,531.6027,891.6479,1098.1941,565.4628,1.1287,0.5643,0
TCGA-CJ-4881-01,TCGA-CJ-4881,Stage III,G3,0:LIVING,66.16,1811.7197,1514.3403,395.0062,893.4878,757.6156,1125.1828,722.5284,1557.98,5219.5838,570.0146,1128.332,632.0999,3830.8402,9769.8797,29180.0697,4045.8891,27.8934,103.282,312.6757,2016.4211,699.5838,1361.8266,812.9569,1236.7563,92.2281,730.1766,128.2195,808.0081,1322.236,1339.7818,8816.3941,973.5328,4787.313,4086.8294,366.6629,2117.6471,578.5626,1118.8843,1018.1082,342.8186,246.9913,0.4499,0.8998
TCGA-CJ-4882-01,TCGA-CJ-4882,Stage III,G3,0:LIVING,61.86,2552.8402,2022.4571,291.9419,1029.0621,1125.4822,705.4161,714.6631,1842.8005,6529.0159,605.0198,974.2404,987.4505,7248.3487,21254.2933,30554.1612,2702.1136,250.3303,1918.6724,241.7437,3139.3659,463.0119,1391.6777,554.1612,1262.6948,85.8653,898.2827,164.465,1861.2946,1894.9802,3247.6882,17990,1760.535,3647.9524,12250.3303,259.5773,2101.7173,894.3197,1819.683,1393.6592,217.9657,7.2655,85.2048,120.7332
TCGA-CJ-4884-01,TCGA-CJ-4884,Stage III,G3,0:LIVING,57.79,1302.7892,3016.8751,408.8485,1139.4596,615.546,1114.628,1101.3378,1061.8169,5810.8945,953.3969,1218.5014,458.8616,2188.3361,11929.0024,25437.4399,2102.999,25.1814,17.4871,138.1481,649.8208,36.0234,678.1499,771.1813,818.365,91.6324,296.2315,178.7182,1128.6176,2029.9029,1388.8257,9801.3465,2029.1685,6837.4574,3514.2083,132.902,2156.5096,627.4373,593.862,1002.3608,2909.854,3.1477,3.1477,0.3497
TCGA-CJ-4885-01,TCGA-CJ-4885,Stage IV,G3,0:LIVING,113.37,806.0863,3338.2873,130.5732,741.6844,619.2498,970.9837,585.9873,1311.7481,5396.2987,906.5817,1003.8924,498.5846,2917.9052,11552.3708,58534.5931,3579.6178,2.8309,13.4466,124.9115,1725.0531,124.5577,670.2052,572.1868,589.4232,21.2314,246.9922,65.4636,1211.2527,1383.9349,1668.7898,37672.3284,3215.8457,10378.9809,3925.3362,202.7601,2379.3347,325.5485,835.8103,690.0212,474.5223,0.7077,0,0
TCGA-CJ-4886-01,TCGA-CJ-4886,Stage I,G3,0:LIVING,64.13,1124.4344,2811.8401,390.6486,1015.46,699.8492,854.8265,941.1765,1284.6908,10440.3544,1162.5189,1286.9532,430.2413,3853.3183,33056.5611,32813.7255,1655.3544,10.181,73.5294,75.0377,1652.3379,47.5113,1236.8024,664.7813,630.6825,76.1689,244.721,134.9925,1173.8311,1740.9502,2016.5913,25409.8793,1606.3198,6114.2534,2996.2293,74.2836,2560.7089,905.3544,1130.8446,1185.1433,1365.0075,0.3771,3.3937,0.3771
TCGA-CJ-4887-01,TCGA-CJ-4887,Stage IV,G3,1:DECEASED,30.62,1205.5038,1798.047,261.8731,1040.8344,627.1638,845.9831,1308.9214,1395.4727,4848.4953,660.4527,845.9831,568.1314,2556.5912,12831.336,25307.5899,3675.0999,39.9467,5.3262,96.316,1330.6702,47.0484,866.8442,653.7949,1093.7106,54.15,537.9494,115.8455,959.1656,1450.0666,920.9942,7256.2095,954.2255,5540.1687,2422.9916,329.7825,1966.2672,377.7186,1104.7492,954.727,556.1474,0.4439,19.0857,0
TCGA-CJ-4888-01,TCGA-CJ-4888,Stage IV,G4,1:DECEASED,51.48,1247.6417,4540.2451,464.0748,970.819,719.739,903.8173,673.1905,1352.7286,5237.6796,1061.8002,944.7236,658.7323,4575.1565,10252.6668,15299.3035,3008.7278,14.1056,612.1837,61.7121,1036.7628,191.4837,1421.1408,755.7084,961.2096,82.8705,604.073,218.2844,1786.4762,1949.0435,1211.6724,19857.1806,1282.1546,6400.0705,5271.9739,68.4122,3262.9816,728.9077,1032.5311,1274.795,321.608,12.3424,30.3271,0.3526
TCGA-CJ-4889-01,TCGA-CJ-4889,Stage I,G4,0:LIVING,63.93,1865.2674,3222.0718,555.8565,1336.8314,812.4577,796.5471,890.9953,1639.1334,8640.0237,976.3033,1240.6906,711.5775,3121.8687,15644.8883,25864.2519,1749.1537,33.1754,656.7366,134.0555,2105.958,50.7786,1293.5003,622.2072,764.1266,88.3548,366.283,145.3995,1292.1462,1872.3764,1784.3602,30939.7427,2383.8558,6484.7664,7627.6236,110.0203,2380.501,1258.2938,1663.8456,1795.5315,342.2478,7.109,3.0467,0
TCGA-CJ-4890-01,TCGA-CJ-4890,Stage IV,G4,0:LIVING,115.6,995.4616,1956.5707,440.8582,1240.1284,590.1011,1059.2048,737.8172,1063.4034,8686.5365,921.4127,1259.2132,465.6684,8135.0744,15515.5369,12979.9343,2080.6217,14.5044,126.7229,120.2341,1422.1971,274.8207,1768.3949,763.7725,784.2772,136.2653,491.6237,185.8857,1516.0942,1890.1557,2213.8334,4347.5108,856.8642,3225.7079,3523.0487,100.7676,3483.734,1403.494,1236.3114,1540.9044,162.2206,91.2252,3.4353,4.1261
TCGA-CJ-4891-01,TCGA-CJ-4891,Stage III,G4,1:DECEASED,26.91,1473.2184,4285.5147,290.1723,913.3675,751.2762,625.524,985.0955,1690.7313,2732.1705,411.7373,1048.4397,671.1691,2889.1476,6044.7136,28326.0363,6167.2101,10.7126,91.7559,362.3661,7422.4499,4961.3414,538.8915,759.1989,1560.2841,39.1244,783.8845,83.3721,1741.034,1119.2361,2148.1136,8394.8207,469.2501,17925.0116,17938.5189,141.5929,2691.6628,345.5985,614.3456,782.0214,50.7685,109.4551,59.1523,134.5645
TCGA-CJ-4892-01,TCGA-CJ-4892,Stage I,G2,0:LIVING,49.97,1739.7011,2157.8564,381.3343,816.9887,726.9377,1133.4306,1362.0124,1629.6026,5510.6672,739.7011,935.4721,529.712,2840.6854,18984.6883,43035.3627,3525.7018,18.5928,59.7886,78.7459,1196.8647,27.7069,834.1232,559.9708,1208.2355,33.9045,381.3343,82.027,1081.2978,1743.3467,1275.6106,38417.8418,735.1549,5406.4892,3998.9063,111.5567,2110.8276,601.1666,1336.1283,980.6781,763.0332,1.8228,13.1243,29.5297
TCGA-CJ-4893-01,TCGA-CJ-4893,Stage I,G3,0:LIVING,24.64,1172.7524,2592.2062,261.7367,1069.3464,811.9055,833.0776,699.9079,1216.324,10037.668,853.6361,1173.3661,385.3943,2986.1921,26329.8558,58833.0776,2017.7969,3.989,19.0242,69.3464,3761.5833,16.5695,1027.0021,643.1421,754.1332,50.629,255.9067,105.8607,899.6625,1795.336,2919.6072,41859.7729,1647.1095,7336.9132,4840.135,108.6223,1574.7162,768.027,1066.5848,911.6293,1255.5999,0,1.5342,0.3068
TCGA-CJ-4894-01,TCGA-CJ-4894,Stage III,G3,1:DECEASED,27.63,1865.9063,2729.776,385.8248,1009.8574,841.3849,1049.613,1516.9043,1537.7597,8292.8391,1147.3727,1007.5764,627.6171,1878.9409,16667.3727,53490.835,1514.6232,91.2424,3.5845,108.8391,338.2485,2.2811,1160.0815,659.2261,853.4257,121.222,413.8493,270.7943,1570.0204,2561.3035,1702.3218,40830.5532,19880.1564,5417.1894,2440.0815,174.9898,2298.6558,758.6151,1327.2505,1402.8513,374.7454,0,13.0346,0.3259
TCGA-CJ-4895-01,TCGA-CJ-4895,Stage IV,G4,1:DECEASED,39.42,1377.1459,2393.6809,254.4497,1067.5092,891.8336,770.0895,720.8004,1369.1417,7337.2596,796.2085,1382.2012,506.793,3786.4139,15213.4808,24611.6904,3101.8431,12.217,2214.6688,224.118,2441.2849,403.5808,1187.1511,692.9963,676.1201,109.1101,523.644,135.6503,1787.0458,1998.5255,2493.5229,15272.1348,3601.3902,6333.8599,4897.3144,92.2591,2783.7809,529.5419,1023.6967,1106.2665,483.2017,1.2638,11.3744,0
TCGA-CJ-4897-01,TCGA-CJ-4897,Stage III,G3,0:LIVING,109.76,1309.7181,2437.4129,122.0564,930.8126,693.596,847.2305,935.5887,1447.1642,8820.6063,1479.801,1334.66,510.5141,2321.7247,30436.6169,40755.4786,1710.1161,4.2454,12.2056,30.2488,509.4527,14.063,868.9884,548.9884,493.5907,37.9436,242.7861,152.8358,1054.7264,1366.7662,1139.1045,27441.7247,3453.2405,8156.0199,3159.9337,33.1675,2539.5688,727.8275,1244.7098,1013.3333,12.471,0.5307,6.6335,23.2942
TCGA-CJ-4899-01,TCGA-CJ-4899,Stage I,G2,0:LIVING,50.2,1864.8128,2620.0441,503.304,1199.0639,856.0022,1149.2291,1204.2952,1523.4031,10493.2076,1306.4427,1424.2841,650.0551,3999.174,49392.3458,37475.2203,1519.5485,5.2313,30.2863,23.9537,982.3789,122.2467,1190.5286,650.3304,831.7649,89.4824,253.8546,167.1256,987.6101,1739.5374,2905.011,12810.8783,5376.0655,3828.4692,3836.7291,36.0683,3620.0441,1332.8744,1343.8877,1753.304,1096.0903,0.826,0,0
TCGA-CJ-4900-01,TCGA-CJ-4900,Stage IV,G4,1:DECEASED,56.31,1398.2115,2029.9842,425.0395,861.1257,634.9237,691.7412,1001.0521,1270.91,4703.7927,478.6954,821.6728,843.2404,4199.8948,9123.0931,31443.4508,2421.3572,19.9895,464.808,254.6028,2274.5923,1285.1131,943.1878,726.4598,1731.4782,95.7391,486.586,107.3119,1182.5355,2002.1042,2051.5518,10596.7596,770.4682,3015.2551,4331.4045,116.2546,1945.292,499.737,890.0579,1162.546,257.7591,0.526,58.3903,0
TCGA-CJ-4901-01,TCGA-CJ-4901,Stage III,G3,0:LIVING,47.63,1579.0378,1624.1409,326.4605,951.0309,983.2474,927.4055,741.4089,1588.9175,5594.8582,858.2474,1009.8797,636.1684,5376.7182,9469.5017,49955.3265,2003.866,31.7869,1077.3196,230.2405,1766.7526,264.1753,1684.2784,764.1753,1158.7285,106.0997,530.4983,161.512,1450.1718,1742.6933,9540.378,13187.4485,8949.433,5575.6014,5440.2921,170.9622,1786.0825,770.189,1017.6117,1008.5911,1173.5395,0,0,0
TCGA-CJ-4902-01,TCGA-CJ-4902,Stage III,G3,0:LIVING,49.93,1906.7947,2036.8161,547.9872,1246.0851,649.5463,846.8133,1273.7076,1568.3484,8965.7578,999.435,1033.4749,607.9757,4794.6094,18199.3708,60843.3256,1960.0868,6.1384,69.1959,59.4304,758.9233,56.9192,2000.2651,685.8211,1189.4169,82.8677,283.7592,133.0906,1287.6584,1914.3282,1824.485,10223.8015,3632.8179,2962.87,4568.0485,51.3389,2431.0656,990.2275,1429.3985,1398.9858,290.1765,3.3482,0.837,1.7941
TCGA-CJ-4903-01,TCGA-CJ-4903,Stage I,G3,0:LIVING,51.25,1212.7267,2085.1522,376.5755,952.0443,648.9394,1053.7965,1274.2084,1411.0052,6063.3969,1015.3704,844.1439,591.1466,2756.5324,16322.1642,36459.5758,2089.7633,8.3,40.2705,371.0421,1146.0191,94.3744,700.8915,733.7842,849.3637,74.0855,133.4153,93.4522,944.3591,2404.8571,2122.656,31633.569,5369.4836,8143.5598,4812.4808,127.5745,2272.0566,565.3243,1090.6855,1384.5681,1867.8143,1.2296,6.763,17.1595
TCGA-CJ-4904-01,TCGA-CJ-4904,Stage IV,G3,0:LIVING,108.48,748.4925,2577.7086,285.2882,1228.5548,661.8686,1067.2372,542.0476,1148.9334,11607.8195,1537.9628,898.6578,685.9885,5203.9162,42904.2339,19024.055,1685.2752,3.8903,28.7882,40.7184,923.5557,17.636,792.8419,680.0233,617.7216,77.5465,252.8691,167.0233,858.9769,1861.3759,5585.4244,27301.9153,2781.2929,5074.7585,5838.0341,66.9131,3017.8305,943.7853,1051.1574,1374.0517,907.7352,0,71.8408,0
TCGA-CJ-4905-01,TCGA-CJ-4905,Stage I,G2,0:LIVING,49.15,1624.3655,3087.7874,299.4924,1494.1774,890.1165,871.0063,970.7375,1600.7764,13741.057,1451.4781,1449.3879,574.7984,4479.8447,39837.5635,39286.3541,2291.4303,4.4789,7.4649,36.7274,984.1744,63.8997,1242.4604,588.2353,533.2099,75.8435,183.3383,167.5127,1382.5022,1815.7659,1519.5581,21334.9268,3315.8226,4722.6038,2088.086,137.9516,2946.5512,1352.344,1396.8349,1521.3497,501.9409,0.2986,0,0
TCGA-CJ-4907-01,TCGA-CJ-4907,Stage III,G3,0:LIVING,49.24,2442.0193,3178.7705,257.5175,1313.9672,948.732,896.2864,952.8146,1530.9728,9749.4889,1298.5789,1551.6998,559.0013,3880.6626,29229.1748,52664.5207,2254.534,8.7933,10.0495,55.5861,1078.747,28.5782,1473.5024,625.579,755.0789,50.8754,226.741,174.2954,1340.9751,1965.926,1250.844,28295.3663,3316.8438,6198.3199,2495.4071,42.0821,2452.6969,1149.0932,1353.851,1503.3367,61.867,9.4214,0,0
TCGA-CJ-4908-01,TCGA-CJ-4908,Stage I,G2,0:LIVING,50.3,1893.6363,2450.7504,501.6174,1414.095,770.2096,922.2892,1253.1236,1746.7691,13321.1915,1534.2869,1262.6286,558.9538,5097.7326,33203.0232,36272.2102,1575.9861,5.2124,34.6472,61.629,775.7286,47.5249,1472.3513,655.23,969.3756,83.7051,172.9292,153.9193,1246.0715,2162.8417,3186.0062,13961.8268,3003.3237,3919.1157,5251.9585,68.3745,2650.6615,1174.9375,1483.0827,1626.2705,769.2897,0.3066,0.9198,0
TCGA-CJ-4912-01,TCGA-CJ-4912,Stage II,G3,0:LIVING,54.43,1965.6034,1388.7991,315.7431,797.2953,859.609,1030.1338,990.7394,1655.7401,4830.0103,801.4111,628.5462,779.656,1646.3325,10348.9637,71718.9475,3193.2971,4.1158,360.488,61.1495,338.0861,34.6906,1173.5999,550.9334,1685.1271,48.214,224.6068,89.3723,1153.0207,2020.8731,2056.1517,4766.2561,3040.5645,4767.3085,4429.2224,110.5395,1755.696,455.6813,1701.6022,1361.1642,366.309,1.7639,3.5279,0
TCGA-CJ-4916-01,TCGA-CJ-4916,Stage III,G3,0:LIVING,45.11,1469.6189,1865.4308,421.2152,869.8936,658.0844,940.9543,1529.6945,1393.0656,5891.0093,666.6667,890.8342,580.1579,2485.4102,15907.9986,53301.4075,2421.2152,19.5675,26.0899,76.5534,1188.4655,20.5973,1103.6732,686.9207,1383.9821,83.0759,271.5414,111.9121,1121.5242,2295.5716,1309.3031,18219.7219,1217.3979,5534.8438,3578.7848,65.9114,1782.6982,579.128,1131.8229,1149.3306,1107.7927,0.6866,6.8658,1.6341
TCGA-CJ-4918-01,TCGA-CJ-4918,Stage IV,G4,1:DECEASED,3.06,1940.209,2260.8876,525.9129,1235.5436,823.002,767.146,912.7961,1422.5716,12169.099,1334.4367,1397.7449,624.806,5195.8208,30963.0702,36540.8089,1471.8113,24.413,275.1629,196.9587,1420.9165,65.3771,2299.7828,614.8753,583.2833,93.514,350.8845,149.3742,1737.8711,1748.6294,4460.1221,17278.68,2643.1571,4964.5185,4123.7199,93.514,3198.5104,1190.8555,1395.2622,1422.9854,200.6827,0,1.6551,1.2413
TCGA-CJ-4920-01,TCGA-CJ-4920,Stage I,G2,1:DECEASED,4.57,2595.1178,3283.3638,450.8012,1102.4841,902.4626,1098.6128,1196.2577,1703.8391,7847.6223,1171.7389,1173.4595,628.0245,3713.5176,20227.1212,68029.2505,2306.9147,12.0443,1251.7389,492.0959,4248.1987,313.152,1227.6589,591.4614,811.9884,90.3323,413.8079,178.944,1142.4884,2226.0415,3454.9952,21188.5063,3484.8995,10033.3369,7487.6868,129.9064,1908.5923,693.4079,1240.1333,1022.4755,1920.6366,3.4412,0.8603,0
TCGA-CJ-4923-01,TCGA-CJ-4923,Stage IV,G4,1:DECEASED,18.79,1987.9227,2262.8824,412.2383,1131.2399,805.9581,797.1014,1222.6248,2006.4412,5650.1087,810.3865,985.1047,856.6828,2263.6876,12915.4589,53459.7424,2964.9758,68.438,250.4026,272.1417,4703.7037,291.0628,1605.8776,679.5491,1594.4122,94.2029,672.7053,134.058,1973.8325,1791.868,2019.7262,6741.1433,1565.4992,3491.1433,4941.6264,84.1385,1375.6039,674.7182,1130.8374,1020.934,374.7987,29.7907,106.2802,235.31
TCGA-CJ-5671-01,TCGA-CJ-5671,Stage I,G3,0:LIVING,130.98,2024.6967,1769.9307,406.8458,1182.8423,903.3795,624.3501,515.1646,1707.9723,8757.2574,848.7868,800.26,712.305,5008.2322,20788.1282,28217.5043,2738.7348,3.4662,435.2123,161.6118,1143.4142,223.1369,2211.4385,494.8007,838.6222,113.5182,409.8787,107.4523,1311.0919,1238.7348,3226.1698,6194.3718,4917.0537,3769.4974,6490.4679,188.0416,2073.2236,919.844,1436.3085,1357.8856,502.5997,0,1.2998,2.5997
TCGA-CJ-5672-01,TCGA-CJ-5672,Stage I,G3,1:DECEASED,71.94,1296.3374,986.84,363.4057,1172.0311,745.8316,624.7027,690.6612,1338.8299,6080.1522,849.2152,1029.3325,683.6848,2130.3314,15010.6231,18883.7799,1867.1318,14.587,2.5369,130.0143,605.042,13.9528,1029.3325,535.9125,840.2537,78.0086,403.3613,101.4746,1016.6482,1174.5679,784.5251,22246.5705,3465.7301,7968.2892,5363.5643,130.6485,1740.2886,620.2632,1064.2144,1220.8657,511.1781,0.6342,1.2684,0
TCGA-CJ-5675-01,TCGA-CJ-5675,Stage II,G3,0:LIVING,129.3,676.2439,1891.0301,264.8914,866.1528,765.939,708.4793,722.1444,1188.8577,4456.5277,760.6868,953.3987,550.4555,2603.0133,7142.2565,19754.3798,4118.0799,26.9797,12.6139,242.4667,3390.3294,36.4401,842.6769,666.7835,877.0042,57.1128,345.8304,80.939,1030.1331,1463.9103,1057.4632,28044.0645,1608.2516,6289.4184,3010.1612,165.7323,2012.6139,473.3707,1076.384,904.3448,543.0974,0,56.7624,107.8767
TCGA-CJ-5676-01,TCGA-CJ-5676,Stage III,G3,0:LIVING,133.61,1136.891,1830.6265,232.0186,811.4849,655.4408,664.1531,535.9629,1327.7262,4712.8248,685.6148,657.1926,635.1508,3194.3155,24266.8213,18756.3805,2523.7819,12.181,161.5255,160.6729,1725.058,31.3225,1522.0418,687.935,1115.7599,53.3643,432.7146,60.9049,1200.6961,938.5151,1482.5986,5272.4826,1284.478,5450.116,4794.0835,204.1763,1895.5916,363.6891,1389.7912,792.9234,31.3225,0.58,3.4803,0
TCGA-CJ-5677-01,TCGA-CJ-5677,Stage IV,G4,1:DECEASED,25.69,1269.8145,2494.6599,265.8797,911.1861,955.593,423.2715,406.9702,1233.2771,5232.6981,686.3406,1161.8887,682.968,2414.8398,8338.3924,22423.2715,6089.3761,39.9101,52.8387,318.1563,3560.9893,87.6897,1298.4823,584.036,771.9899,76.4474,979.2018,173.6931,1147.8359,824.0585,1473.2996,10171.8269,1225.5593,10571.6695,1759.9775,39.3479,1775.7167,549.747,1467.6785,957.8415,613.828,30.3541,0.5621,1.1242
TCGA-CJ-5678-01,TCGA-CJ-5678,Stage IV,G3,1:DECEASED,18.86,916.4916,1078.2563,215.3361,412.8151,344.0126,630.2521,593.4874,671.2185,4957.4475,663.3403,675.9454,405.4622,1265.2311,6642.3319,20976.3655,4111.3445,23.1092,40.9664,252.1008,5405.9874,69.8529,919.6429,593.4874,1342.1271,80.8824,819.3277,86.6597,897.584,1137.605,1648.6345,9213.7237,758.8498,5103.9916,3088.7605,381.8277,1436.9748,368.1723,830.3571,470.063,397.584,1.0504,5.2521,0
TCGA-CJ-5679-01,TCGA-CJ-5679,Stage III,G4,1:DECEASED,22.31,1085.1312,1817.4927,210.4956,886.2974,1202.898,892.7114,459.4752,1313.7026,4499.6851,1008.7464,816.9096,686.8805,2804.0816,8991.8367,9793.0029,6419.242,3.4985,46.6472,22.7405,569.6793,40.8163,698.5423,795.9184,855.4636,56.5598,637.3178,122.449,1087.4636,831.4869,1204.6647,6999.551,2163.3994,12756.2682,6251.312,278.1341,1664.723,240.8163,1094.4606,789.5044,976.0933,0.5831,25.0729,75.7318
TCGA-CJ-5680-01,TCGA-CJ-5680,Stage IV,G4,1:DECEASED,25.23,1464.9153,4234.3411,350.7986,1439.8085,1151.4283,638.83,519.9212,1784.3304,5782.5345,793.3069,1809.7859,862.0021,1949.6172,10262.079,23086.1034,5403.9022,9.7638,1.3948,53.7008,1486.1864,46.0292,533.5207,578.1551,598.0628,29.9887,298.8413,135.2981,1076.4565,1751.9007,1895.9164,20175.3017,2119.8207,10889.7504,2291.0007,20.225,2794.1839,624.5331,1362.3957,2069.9209,825.7366,7.3228,138.7851,188.9186
TCGA-CJ-5681-01,TCGA-CJ-5681,Stage IV,G3,1:DECEASED,18.13,1383.3144,1134.6135,721.5685,1931.1284,1495.8985,724.9293,1405.1597,1496.5741,7426.0422,1130.2445,2054.8066,1271.7351,10648.0925,1611.8503,3539.9539,3045.913,20.1649,8.066,101.8329,181.1483,299.1132,202.3215,580.7501,448.9016,12.435,555.5439,245.34,950.4405,1125.8754,136.7855,1397.7592,3524.8638,642.2531,5065.431,134.4329,2933.6616,729.9706,1242.4959,934.6446,392.8801,1.0082,4.7052,0
TCGA-CJ-5682-01,TCGA-CJ-5682,Stage IV,G4,0:LIVING,122.73,1100.3377,2728.3505,268.3363,799.7163,761.0801,838.3525,495.3901,1031.5335,6500.3705,853.7011,958.4952,649.4056,2672.7779,19889.7016,17648.273,3937.7163,11.1145,11.1145,68.2749,1154.3225,34.9314,1416.3076,610.2402,912.0471,74.0968,426.5859,95.2673,961.1415,971.1975,871.1668,16592.3934,1674.4874,4466.9793,1373.9666,101.6185,1988.9702,894.9836,1095.5743,907.1567,763.1972,0.5293,86.2699,204.1261
TCGA-CJ-5683-01,TCGA-CJ-5683,Stage I,G3,0:LIVING,62.06,1729.9183,2406.1035,301.6894,1191.4986,755.091,824.8501,879.346,1394.2234,6571.745,966.5395,783.8692,719.782,3871.3896,22335.4768,22379.9455,3948.5559,2.1798,41.8529,58.4196,6674.6594,216.2398,627.7929,600.327,695.1193,51.8801,377.9837,168.2834,1157.4932,1324.0327,2464.9591,20151.3373,2398.8708,7364.7956,5358.4741,155.2044,2163.7057,632.5886,1252.5341,1024.0872,766.8665,0.8719,127.7384,120.654
TCGA-CJ-5684-01,TCGA-CJ-5684,Stage III,G2,0:LIVING,73.29,1191.3779,2311.8453,303.7873,945.2055,1340.0322,891.2168,761.8856,1275.9871,9682.0306,970.5882,1046.7365,535.0524,2343.6745,25844.8832,31161.1604,3014.9073,52.78,109.589,82.9976,1494.7623,29.8147,1190.1692,716.3578,723.1467,60.4351,304.1902,160.3546,1034.2466,1367.4456,1323.9323,16176.4907,4569.5528,7316.2772,3042.3046,87.0266,1738.5173,690.1692,1124.4964,1029.0089,1307.8163,0.4029,125.3022,262.5544
TCGA-CJ-5686-01,TCGA-CJ-5686,Stage I,G3,0:LIVING,66.95,1515.3468,3027.3174,464.3953,1310.3131,766.4211,988.0295,883.364,1400.8594,6969.515,1269.4905,1412.2161,442.6028,4068.4469,14441.682,25331.7986,2563.8428,12.5844,306.016,144.8742,1517.8023,392.8791,1068.4469,842.2345,419.779,90.5463,258.4408,130.7551,1046.6544,1565.9914,2416.5132,17139.1928,3423.6525,10656.5378,3347.7594,28.2382,2115.7152,783.3026,1004.6041,1264.8864,2682.0135,27.3174,15.0399,49.0147
TCGA-CJ-5689-01,TCGA-CJ-5689,Stage I,G4,1:DECEASED,53.22,971.3033,2788.2709,341.0206,1107.3776,1289.7798,702.494,510.4873,1111.1343,7191.8648,1038.9231,959.1986,555.9846,5068.1415,24764.6875,23460.2943,3355.108,32.1402,2028.1874,229.9906,2538.6622,1153.7097,1070.2285,616.9258,739.0754,57.1846,354.3775,118.5433,1176.667,1053.9497,1323.5939,28830.3078,4299.9228,4407.8055,7658.1446,242.9302,3246.5825,765.5223,1268.9137,1125.7435,227.0688,2.5044,460.3986,456.7255
TCGA-CJ-6027-01,TCGA-CJ-6027,Stage I,G4,1:DECEASED,118.76,662.9834,2870.7182,431.3076,778.6372,1997.7864,981.9521,340.3315,902.7624,3786.3462,991.5285,864.0884,594.1068,2823.5727,6444.5672,15139.2265,2328.5451,23.9411,51.9337,80.2947,1313.4438,110.8656,1407.7348,845.6722,898.5083,99.8158,503.4991,244.5672,1760.5893,1671.0866,1950.2762,14540.2173,3133.5249,9332.965,4721.9153,167.5875,1816.2063,480.663,976.7956,1065.1934,790.7919,0.3683,40.884,2.1768
TCGA-CJ-6028-01,TCGA-CJ-6028,Stage IV,G4,1:DECEASED,53.38,1071.4286,2366.4193,489.7959,1247.6809,1442.0223,999.5362,606.679,1130.334,5985.1391,1473.5622,1455.9369,518.0891,4823.2839,16002.7829,19665.1206,1722.6345,26.4378,179.0353,93.692,700.3711,518.5529,1264.3785,1105.2876,627.9128,133.5807,256.9573,222.6438,951.2987,2096.475,2528.757,16853.9842,6134.3228,14675.7885,2103.4323,43.5993,2653.9889,1113.1725,842.7644,946.6605,260.2041,11.1317,2.3191,0.9276
TCGA-CJ-6030-01,TCGA-CJ-6030,Stage I,G3,1:DECEASED,75.53,614.1885,3121.1532,477.8102,787.496,596.6926,809.5238,466.7962,642.6952,5381.5484,981.5355,1311.3055,508.5844,5791.0593,12277.6158,30908.9731,2469.7117,9.7182,149.6599,399.093,1938.7755,124.7166,1628.7658,679.9482,601.3508,140.5896,372.53,147.7162,1741.1727,1679.9482,1543.2459,8064.4639,2474.5254,6832.5235,3370.2624,52.1542,2567.8652,660.1879,967.6061,1381.6003,461.2893,0.6479,6.1548,0
TCGA-CJ-6031-01,TCGA-CJ-6031,Stage I,G3,0:LIVING,62.61,1178.8127,1714.4652,405.1343,975.4911,728.0347,480.5784,482.4645,1106.7636,7457.2482,878.5455,1152.4073,576.7695,4206.7581,21080.1885,16166.52,3033.9809,17.7293,184.1136,95.0595,1391.1876,88.6467,1734.0806,551.1185,741.6712,94.6822,511.1332,130.1409,1479.4571,865.3428,2056.6038,10421.3642,3534.22,4278.4299,3221.4593,119.5788,2946.4659,897.0293,1316.498,987.1849,272.7301,9.4305,12.8255,33.9045
TCGA-CJ-6032-01,TCGA-CJ-6032,Stage II,G3,0:LIVING,119.55,1604.9453,2924.3464,408.6089,1306.3574,1023.0789,751.9991,893.4952,1191.7995,8463.3273,1101.9112,1037.8268,558.8953,3196.5633,26826.9722,24793.8524,2066.2961,29.7737,17.2971,52.1749,14645.2674,848.4092,635.7398,661.5437,587.0187,40.549,247.5472,115.4086,607.3839,2346.7362,4699.4272,36510.296,3606.1476,11919.4125,4437.702,106.6183,1131.1178,670.0505,1020.8132,1027.3351,1802.0189,7.3725,4.2534,0
TCGA-CJ-6033-01,TCGA-CJ-6033,Stage IV,G4,1:DECEASED,7.36,1055.5209,1704.7933,290.1776,930.3819,742.851,508.1735,451.5889,1142.5742,6778.5265,973.1831,978.2612,517.967,5172.0526,21989.657,44161.0377,2112.1301,5.0781,3014.2523,84.1515,880.3262,225.6131,1796.5619,567.6599,864.4789,72.5444,579.9924,119.3355,1579.2915,858.5629,1963.414,24591.099,1379.8742,4235.5045,8385.0439,265.5125,2120.4727,543.7202,1247.4009,889.757,224.5249,2.1763,0.3627,0
TCGA-CW-5580-01,TCGA-CW-5580,Stage IV,G3,1:DECEASED,64.52,1501.7231,3198.0539,423.5421,1109.2641,882.2191,1065.2071,799.2432,1369.552,8889.9007,1327.1167,1131.4278,504.899,3367.5248,23638.0837,14208.2573,2402.3245,9.7304,42.7056,99.1959,1048.9898,136.2254,1171.9711,701.1285,363.8489,82.1677,259.2067,286.7761,1003.0407,2996.416,2824.5152,14438.4675,6280.973,5251.7062,6599.6351,86.4923,3078.3161,817.8931,1043.0434,1074.9375,2062.8421,1.0812,2.1623,0.8109
TCGA-CW-5581-01,TCGA-CW-5581,Stage I,G3,0:LIVING,91.95,1711.0138,2254.968,252.6103,1492.7585,942.4049,710.0034,630.5153,2182.2162,9533.4557,1125.9683,1501.5157,661.839,2801.9535,24413.6073,22305.4901,2302.7956,5.7258,11.1149,30.9869,439.5419,6.3995,777.3661,561.1317,466.2378,44.4594,216.2344,172.1118,1100.0337,1555.7427,1703.6039,18527.4503,4226.2007,12249.2422,6177.8377,31.3237,2558.774,737.2853,1115.5271,1071.4045,2692.4891,0.3368,28.2924,58.3833
TCGA-CW-5583-01,TCGA-CW-5583,Stage I,G2,0:LIVING,81.77,2656.437,2823.0781,445.6038,1285.8677,1053.2454,1039.1284,1431.0265,1592.7574,9560.3928,1774.1292,1515.1143,494.7062,2579.7146,42042.9646,47146.5398,2157.1275,16.572,10.4342,35.2923,391.2843,13.81,980.8194,497.775,503.3236,41.1232,208.0712,148.8415,909.9279,2406.015,1054.166,30335.7373,4500.6598,7661.5007,2983.5814,31.6096,2578.487,1086.3894,1268.9888,1465.0913,634.0341,6.1378,21.1754,23.0167
TCGA-CW-5584-01,TCGA-CW-5584,Stage III,G3,1:DECEASED,5.39,1740.6253,3842.5887,338.0804,1358.0517,1091.43,780.9893,768.1807,1585.5734,7873.1878,1183.787,1239.0663,460.7736,2442.4033,24710.8789,27149.2374,2995.1968,22.5836,7.7256,223.4769,2093.8738,55.9535,1479.7337,529.8728,590.6463,46.5155,306.3959,139.5466,1051.3188,1715.6821,1742.9847,16018.2017,7023.642,11219.3478,2457.2343,90.6716,2036.2349,542.0072,1232.9991,1139.6309,2513.1878,0.3371,8.7638,5.056
TCGA-CW-5585-01,TCGA-CW-5585,Stage IV,G2,0:LIVING,85.71,1902.6249,2674.0051,128.14,803.2741,979.1109,806.3788,1006.7739,1456.3929,7170.1129,1517.9227,1086.0852,672.3116,1698.5605,21215.6365,40121.6483,2649.4496,2.258,0,18.9105,772.2269,6.2094,514.5357,445.3853,613.4688,17.7815,346.3167,158.9049,865.6506,1413.4914,507.1973,16511.4366,2221.208,3872.989,1671.7471,62.3765,1974.3156,658.7638,1216.7655,1318.092,1431.5552,1.4112,0.5645,0
TCGA-CW-5587-01,TCGA-CW-5587,Stage III,G2,0:LIVING,73.13,774.2261,1980.821,341.8573,1389.3001,815.2759,1041.0498,837.4832,1459.9596,9140.5148,1375.1682,1271.1978,406.7968,1972.7456,20150.4038,25593.5397,1887.9542,20.5249,8.9132,91.8573,618.1023,16.8237,1662.1803,703.2301,531.5343,77.389,244.6164,139.3001,860.3634,2516.4872,1159.825,37196.1642,2711.4603,9753.7012,775.572,45.424,2141.9919,913.1898,982.8398,1306.8641,796.7699,0.3365,10.7672,25.572
TCGA-CW-5588-01,TCGA-CW-5588,Stage I,G2,0:LIVING,66.26,1238.0746,1808.7598,267.1292,1044.2324,736.34,898.9592,483.0876,1752.3851,11010.3122,1247.1813,1438.4215,427.1466,2920.6418,22359.9306,19520.3816,1689.9393,110.1474,45.967,194.7095,541.6305,102.7754,2887.2507,691.2402,531.804,43.7988,279.7051,149.6097,1231.5698,1686.9037,3165.2212,9904.1631,5920.7719,7035.5594,2272.333,42.4978,2703.8161,969.2108,1297.0512,888.9853,4965.7415,0.4337,8.673,7.8057
TCGA-CW-5589-01,TCGA-CW-5589,Stage I,G2,0:LIVING,78.12,1335.4621,1548.8355,297.5207,1093.9144,797.8926,742.299,938.3922,1459.429,8692.2765,1175.432,1261.4576,485.3494,2665.2893,33629.6018,21778.7378,2732.1563,19.1585,35.3118,164.1623,928.6251,184.8234,1323.8167,551.4651,544.0947,48.0841,243.0503,158.5274,1112.3216,1433.133,1592.0361,31967.6935,1972.3704,4777.9865,3919.985,67.2427,2632.6071,731.7806,1304.2825,1144.2524,435.3869,5.6349,120.9617,210.6161
TCGA-CW-5590-01,TCGA-CW-5590,Stage IV,G3,1:DECEASED,35.32,1388.1481,3633.7037,308.1481,1260,875.9259,1116.2963,616.2963,1772.2222,8825.7704,1112.963,1218.8889,594.8148,2956.2963,24036.6667,25803.3333,2455.5556,7.037,22.5926,20.7407,578.5185,23.7037,1490,714.0741,745.1741,41.8519,210.3704,122.5926,1141.8519,1344.8148,2216.2963,15987.7481,5265.7593,8431.8519,2456.6667,98.8889,1847.4074,818.5185,1328.5185,1271.1111,1097.4074,1.1111,20.3704,44.3481
TCGA-CW-5591-01,TCGA-CW-5591,Stage IV,G2,0:LIVING,74.61,957.0957,2408.8742,719.1052,2397.8731,762.3762,1234.6901,770.8104,1349.4683,9824.3234,1251.9252,2000,490.2824,13550.4217,10441.1441,1480.0147,724.6058,13.9347,21.2688,36.6703,1600.6601,123.579,667.7668,550.7884,476.7033,27.8695,258.8926,104.5105,1529.5196,1275.7609,899.5233,2679.1346,1837.9135,6063.4397,2285.2952,1.1001,2856.619,1413.2747,1847.4514,2047.3047,1635.8636,812.9813,1316.0983,2026.806
TCGA-CW-6087-01,TCGA-CW-6087,Stage IV,G4,1:DECEASED,1.35,701.0171,1949.9465,870.985,2031.3169,847.4304,1002.6767,646.1456,1293.3619,7341.9941,874.197,1896.9486,529.1756,6121.2527,2562.3662,634.3683,1497.591,97.4304,575.7495,255.8887,949.4111,149.3576,1624.7323,1237.6874,704.6065,247.3233,632.4946,544.4325,1461.7238,2307.8158,1046.0385,3887.045,1957.7034,20508.2976,5441.3812,21.1456,2044.7002,1576.8201,1442.1842,2276.2313,1632.4946,54.8715,0.5353,0.2677
TCGA-CW-6088-01,TCGA-CW-6088,Stage I,G2,0:LIVING,105.85,1856.9848,4850.3458,560.4426,1494.3292,852.2794,1304.5643,1461.4108,1454.2185,11091.4329,1685.2006,1722.545,452.2822,2723.0982,40276.6252,48968.1881,1573.9972,9.9585,6.3624,76.3485,1156.0166,31.5353,942.7386,691.0097,481.4799,74.6888,133.3333,183.9557,1155.74,3016.5975,1106.5007,56236.1134,4382.603,7193.6376,3064.177,45.9198,2492.3928,975.9336,1183.4025,1818.8105,32.0885,0.5533,4.1494,5.2559
TCGA-CW-6090-01,TCGA-CW-6090,Stage I,G3,0:LIVING,83.84,913.1044,3015.7673,368.9559,669.2362,544.8493,707.4282,722.1444,1037.4912,8463.8823,826.2088,999.2992,488.0869,3898.7386,12468.8157,64779.958,4347.9327,13.3146,579.5375,276.1037,1341.6258,171.3385,1537.8416,789.068,702.0287,105.8164,253.3287,100.5606,1358.7947,1158.3742,2448.4933,26770.1472,955.8339,5495.445,6633.8472,242.1163,2216.8886,642.6069,1198.6685,748.7737,149.2642,0,0,0
TCGA-CW-6093-01,TCGA-CW-6093,Stage I,G1,0:LIVING,103.35,1282.6367,2919.9357,545.9807,1299.0354,765.2733,947.91,1211.5756,1369.1318,12593.7814,1593.8907,1254.0193,587.1383,3640.836,33839.2283,24327.0096,2098.7138,11.254,9.9678,100,2131.1897,118.0064,1156.5916,718.0064,537.6817,73.955,245.3376,216.7203,1281.9936,1480.3859,4851.7685,20870.0965,3873.5949,5890.3537,10038.9068,56.2701,2453.3762,1109.6463,1318.328,1635.6913,1527.0096,5.4662,0.3215,0
TCGA-CW-6097-01,TCGA-CW-6097,Stage III,G4,1:DECEASED,18.76,1097.1931,2353.8108,424.3332,1173.1096,736.39,1066.0274,477.8743,1086.8045,6625.0764,1090.001,1709.7193,650.0849,3596.4439,17257.0173,19153.3313,2286.6846,11.1877,84.7068,118.6695,1597.0433,36.36,1605.0345,746.7785,546.5388,165.0185,381.1807,288.0831,1845.9694,2690.6403,6018.9791,4367.9952,3086.3051,33703.7259,3058.6355,103.8857,2235.9405,1319.3487,692.8379,1698.9312,2525.2223,0.7991,6.7925,18.3798
TCGA-CZ-4853-01,TCGA-CZ-4853,Stage I,G2,0:LIVING,25.43,1497.7666,3868.7884,214.6845,750.6979,755.4439,985.7621,1401.7309,1266.89,5650.6812,1290.8989,890.5639,493.8582,1785.3155,13715.2429,31256.0022,3247.9062,13.6795,5.3043,69.5142,786.4322,15.0754,541.0385,542.7136,893.5455,38.2468,143.2161,141.541,840.0335,1994.4165,1621.7197,15297.0408,3441.9151,6731.1558,1783.6404,107.2027,2421.8314,547.4595,1119.4863,938.861,2205.1926,0.8375,145.1703,0.2792
TCGA-CZ-4854-01,TCGA-CZ-4854,Stage I,G2,1:DECEASED,46.12,1743.533,1828.8345,458.8632,1025.8239,695.6483,1280.993,973.9812,1629.9202,5045.1602,1097.1536,957.4357,593.0659,2742.1487,10381.7793,44657.9024,2357.5566,25.7375,76.2456,63.6084,338.6322,57.7256,1724.046,914.4172,1222.635,83.4631,306.2765,110.3036,843.4552,2052.7509,1890.2368,11526.3635,5292.4536,6322.6051,3808.0496,107.7299,1884.7217,668.4401,893.0919,1020.3087,282.0097,5.1475,34.9295,1.103
TCGA-CZ-4856-01,TCGA-CZ-4856,Stage I,G2,0:LIVING,0.59,948.105,2415.4519,156.8513,960.9329,792.4198,688.9213,558.8921,822.7405,10887.3819,944.0233,1041.1079,390.0875,2318.0758,31910.7872,26696.2099,2064.1399,16.6181,3.4985,142.5656,316.035,32.07,1144.0233,609.0379,589.4869,37.6093,237.0262,100.5831,1037.3178,1254.519,1006.1224,42371.2012,3361.9796,6426.8222,5132.3615,167.0554,3172.3032,634.6939,1151.895,693.0029,1911.9534,3.7901,45.1895,0
TCGA-CZ-4857-01,TCGA-CZ-4857,Stage IV,G3,1:DECEASED,47.04,2191.8854,2250.5967,425.7757,900.2387,1006.6826,1077.327,810.0239,1596.1814,6230.9165,867.3031,1330.3103,513.1265,4120.7637,18793.3174,31100.716,2780.4296,15.7518,52.9833,83.0549,368.0191,335.5609,1058.2339,703.58,755.2888,139.8568,406.2053,242.9594,1520.7637,2307.8759,2959.9045,4569.8425,2799.031,11827.685,3206.2053,29.5943,2249.642,694.0334,1128.8783,1162.2912,2394.2721,35.3222,19.5704,0.4773
TCGA-CZ-4858-01,TCGA-CZ-4858,Stage II,G4,1:DECEASED,69.15,2962.0999,548.6338,386.1337,889.8317,823.4732,532.436,539.2286,1582.6778,5044.2747,709.5663,1241.4798,859.5262,2687.783,21214.8842,33949.4578,4814.9145,15.6753,6721.5788,72.6287,339.6304,1027.7739,1621.8659,536.6161,639.383,118.0869,951.4877,334.4053,350.0806,1786.4561,3052.4938,31704.4118,5375.613,3727.5746,2053.4578,1273.8754,2350.7651,397.1063,1343.369,1167.8062,2.6125,0,2.09,0
TCGA-CZ-4859-01,TCGA-CZ-4859,Stage I,G2,0:LIVING,58.71,548.9744,3181.5385,104.8718,839.7436,848.7179,664.1026,692.5641,1520.2564,7298.9359,770,1031.0256,752.3077,2223.0769,19838.7179,28159.2308,3107.4359,1.0256,3.5897,63.5897,1661.7949,11.5385,485.641,604.359,604.7231,33.8462,414.6154,122.0513,634.1026,1489.2308,1984.6154,52851.1513,2379.1205,9388.4615,4672.3077,70,2298.7179,534.1026,799.7436,741.5385,245.641,0,16.1538,0
TCGA-CZ-4860-01,TCGA-CZ-4860,Stage IV,G4,1:DECEASED,6.77,945.0252,772.7449,281.4557,938.0565,3883.856,976.7712,588.463,963.6082,6222.5707,594.2702,1235.3852,1047.619,4628.3391,18239.2567,36264.0341,2650.4065,9.6787,182.4506,55.7491,600.4646,411.1498,691.8312,680.2168,572.8223,169.1831,540.4568,382.8881,2002.3229,1198.9934,3574.1386,9439.4774,8970.6349,30791.7151,1094.0767,11.2273,2204.8006,862.9501,409.2141,1052.652,6.1943,69.2993,7.3558,0.7743
TCGA-CZ-4861-01,TCGA-CZ-4861,Stage II,G2,1:DECEASED,14.65,1159.0214,3412.844,272.1713,852.4465,813.0734,1214.0673,735.8563,980.8869,5886.0321,704.5107,1430.4281,450.3058,8515.6728,7747.7064,32029.052,1926.6055,22.1713,105.8869,701.8349,2688.0734,4102.8287,1497.3242,629.9694,692.3777,112.0031,402.5229,171.2538,1399.8471,2320.3364,4743.1193,10404.8853,3975.7072,10798.5474,5982.0336,114.2966,2720.1835,815.367,597.8593,646.0245,1749.6177,1.5291,0,0
TCGA-CZ-4862-01,TCGA-CZ-4862,Stage I,G2,0:LIVING,107.46,1200.0907,3374.3194,948.7296,1468.2396,796.7287,1233.2123,1036.2976,1222.323,7841.5926,1147.4592,1562.6134,545.3721,2726.4065,15347.0962,30375.2223,1569.873,23.5935,21.3249,173.3212,1007.2595,44.0109,911.9782,692.8312,767.3548,108.8929,377.4955,266.7877,1091.6515,2993.1942,1374.3194,15503.6298,4950.2087,6873.412,3444.6461,47.1869,2642.4682,1565.3358,1436.9328,2307.1688,1518.1488,0.9074,0.4537,0
TCGA-CZ-4863-01,TCGA-CZ-4863,Stage III,G3,0:LIVING,63.34,1329.5945,2091.3983,422.2812,958.2418,617.2005,876.0894,1058.5828,1117.9992,7202.601,1003.7135,1285.6385,471.6938,2167.4877,15786.2827,35064.191,1407.1997,23.6453,4.244,109.7385,512.6184,14.2478,1030.6934,701.781,787.4104,77.302,411.3679,180.0682,898.5222,2074.4221,1825.54,24469.0746,2932.0712,11157.5597,4598.7116,287.3816,2181.1292,883.0618,1111.0269,1262.9026,1118.9087,0.6063,1.8189,4.5472
TCGA-CZ-4864-01,TCGA-CZ-4864,Stage II,G3,1:DECEASED,92.97,1958.1123,3177.3248,338.7322,983.8034,742.53,2017.8721,1819.3242,1365.5404,6265.9648,1334.2642,938.2854,578.8886,2151.9129,16544.5406,43637.2522,1976.5429,34.9065,2.234,84.0547,215.303,7.2605,688.3552,830.7735,1091.7928,91.8738,233.7336,132.6445,716.2804,3696.4535,1144.0938,32085.3533,5686.3418,6848.6456,3839.9888,129.852,1868.7517,743.647,1248.5339,1366.6574,734.9902,2.5133,0.5585,0
TCGA-CZ-4865-01,TCGA-CZ-4865,Stage I,G2,1:DECEASED,5.45,622.1184,2920.0221,359.9926,1174.894,557.9369,608.5941,517.3664,719.4935,7195.6427,903.1782,1314.8091,439.909,3805.4958,19900.166,28614.9874,1849.3883,26.065,65.4085,250.5686,4268.2732,113.6042,1028.5855,794.7378,577.8521,53.1137,420.4832,107.7027,1167.5171,1088.8301,1582.8364,7067.6289,761.5221,6259.0521,4651.626,88.031,2326.4277,752.9354,1054.6505,1127.4359,293.3546,5.1638,0.4918,0.4918
TCGA-CZ-4866-01,TCGA-CZ-4866,Stage I,G3,0:LIVING,107.33,1269.7541,3204.3453,320.6404,1183.076,741.45,1120.8691,1381.5895,1092.9674,5513.4317,1470.7833,1783.6478,405.0314,3610.9777,8731.1607,14515.952,2415.7804,5.4889,20.1258,32.0183,1759.6341,26.072,386.7353,869.9828,577.8891,29.5026,145.2258,129.2167,1080.8462,2770.2687,1354.6026,11239.8719,4757.8525,11253.5163,3323.9565,68.3819,2918.239,755.1744,1012.9217,1293.3105,4765.6947,0.6861,4.8027,0
TCGA-CZ-5451-01,TCGA-CZ-5451,Stage II,G3,0:LIVING,63.37,1315.1626,2635.0467,141.2169,906.9643,816.3966,1140.8949,996.2442,1208.2842,7217.4869,1078.6565,695.7828,541.689,2183.0669,36117.18,26526.4513,3012.3404,0.8585,14.1646,17.1692,495.7613,12.0185,1069.6427,513.789,590.2779,41.6354,220.6245,126.623,707.372,1176.5211,1093.2503,20355.0596,2977.6113,6992.1665,3815.0016,187.5738,2021.6761,506.0629,1105.2688,1049.8981,1770.147,0.8585,21.0323,0
TCGA-CZ-5452-01,TCGA-CZ-5452,Stage II,G2,0:LIVING,58.77,1145.4316,2150.6827,350.0763,1144.3071,927.2861,802.8516,494.0049,1340.3349,4365.4362,664.5452,652.1764,815.5953,1752.2554,8181.8148,19081.031,3500.3879,22.8637,2.6237,130.0605,1558.8514,6.7467,881.9373,706.8992,1103.4861,68.591,406.6732,69.3406,1170.9189,1482.7642,1700.5311,5929.3176,2186.4437,7986.5367,1828.7175,150.3004,1743.6347,556.9736,679.9126,1105.7013,1514.2486,0,3.3733,0
TCGA-CZ-5453-01,TCGA-CZ-5453,Stage II,G2,1:DECEASED,79.47,1391.9533,2520.7657,340.3634,942.8942,843.9293,652.1739,916.2881,1172.6152,7798.1408,924.3997,775.7949,605.1265,2308.5659,25132.3816,45864.0493,2685.9182,0.9734,34.5425,122.3232,4004.5425,121.0253,611.6158,518.4945,730.4056,39.2602,440.2985,124.5944,1143.7378,1324.7891,1809.8637,53263.9747,3032.3426,4542.5049,12411.0967,48.6697,1726.8008,458.4685,1015.5743,955.5483,6.4893,1.6223,3.5691,0
TCGA-CZ-5454-01,TCGA-CZ-5454,Stage IV,G2,1:DECEASED,23.72,748.2394,2105.0469,209.507,769.0728,479.1667,708.9202,853.2864,884.3897,5957.7318,793.1338,783.1573,569.5423,6079.8122,8950.7042,45760.5634,2575.4108,6.162,37.2653,188.9671,1822.4765,912.5587,802.5235,514.6714,449.1667,80.1056,191.0211,123.8263,1001.1737,1576.8779,3714.4953,16852.6907,5368.4888,7656.6901,5968.8967,108.2746,2096.5376,657.277,946.5962,951.8779,427.5235,1.1737,0,0
TCGA-CZ-5455-01,TCGA-CZ-5455,Stage IV,G4,1:DECEASED,18.43,782.6695,3197.7638,437.9222,1330.3051,602.143,1035.4065,1002.5623,957.8383,7362.6275,1526.9043,1767.5285,386.2101,3300.955,16111.1111,26699.7438,1329.6063,9.0846,11.768,71.5118,1019.5667,47.5192,710.9248,839.5062,511.6515,106.6853,203.3543,254.3676,864.1975,3022.362,1310.7384,19069.42,3278.409,9328.6746,4451.8984,74.7729,2852.5507,948.055,918.4719,1521.7796,2761.0063,1.3976,4.6587,0.2329
TCGA-CZ-5456-01,TCGA-CZ-5456,Stage II,G3,0:LIVING,79.57,2075.179,3387.4304,289.5784,1086.7144,873.1106,649.1647,386.6348,1716.3882,5318.5442,741.0501,1186.9531,905.7279,3968.9737,7554.8926,25560.4574,2328.1623,5.9666,185.362,225.9348,651.1535,403.3413,934.3675,799.5227,593.7828,56.4837,335.3222,154.3357,648.3691,1560.0636,3341.2888,4442.6969,6305.7558,11922.8321,5710.4216,183.7709,1453.0628,543.3572,1200.8751,1092.681,3618.1384,0.3978,3.58,0
TCGA-CZ-5457-01,TCGA-CZ-5457,Stage III,G4,0:LIVING,90.47,747.9546,1996.4136,336.5206,916.0675,599.3075,1077.6917,1110.4295,952.6394,8389.075,1082.7056,1045.8388,504.3385,2375.1099,24862.4129,23941.6265,2270.408,1.7696,7.3734,40.701,562.7356,14.1569,1016.0504,616.1188,559.5208,71.9641,182.2697,134.4903,927.275,1343.7229,2343.2569,21134.4372,3271.396,8689.0738,2442.6499,138.0295,2398.7046,880.6753,1144.0521,1276.1828,1420.9958,0.2949,18.5809,0
TCGA-CZ-5458-01,TCGA-CZ-5458,Stage III,G3,0:LIVING,91.62,1766.2587,2488.121,311.6551,1012.079,1291.0967,698.5041,788.097,1159.5872,8567.2634,1183.5853,1017.8386,566.6747,3801.9358,33780.6575,18564.2749,1822.8942,1.5999,10.5592,42.5566,909.3673,16.3187,1480.8415,579.4736,558.5633,51.5159,218.5425,123.5101,1150.308,947.1242,1070.9543,8121.9102,7763.8333,5941.9246,3487.081,70.7143,1962.403,663.3069,1230.9415,1229.0217,1510.2792,0.6399,0,0
TCGA-CZ-5459-01,TCGA-CZ-5459,Stage III,G3,0:LIVING,55.29,1491.8116,2067.973,192.5388,1014.5871,789.5496,508.7485,651.8189,1281.3285,5192.6879,579.0712,619.8099,761.9103,2263.4216,18977.9199,27032.0538,3346.3915,5.8198,408.8417,41.7086,797.7991,44.1336,1796.3818,487.8942,1015.0188,77.1125,475.2846,322.0296,934.0797,1432.1537,4251.8572,20495.5278,2117.3056,9387.3557,10253.0527,57.7131,1859.4297,490.8041,1165.9022,962.6938,1557.7695,2.4249,0.485,0.485
TCGA-CZ-5460-01,TCGA-CZ-5460,Stage IV,G2,0:LIVING,94.38,2130.9358,2553.0726,388.9665,947.2765,764.3156,624.6508,394.2039,1337.9888,4807.9295,638.9665,1059.7067,1024.0922,2273.743,17103.7011,60482.5419,4708.4497,22.6955,150.838,290.5028,4842.1788,329.6089,707.4022,614.8743,1060.9811,57.2626,437.8492,101.6061,1026.1872,1784.9162,3513.9665,8822.3953,3898.8757,9586.243,4226.6061,151.8855,1646.648,467.5279,1259.7765,847.067,572.6257,2.7933,2.7933,0
TCGA-CZ-5461-01,TCGA-CZ-5461,Stage IV,G4,1:DECEASED,10.84,1140.1695,3181.0439,266.4541,1095.981,751.9986,940.3951,345.8347,1117.943,8674.92,1097.5686,929.0172,606.7321,3727.1822,17916.9878,30766.3201,2034.2593,9.5257,19.3159,400.0781,2058.8673,52.3912,1781.5645,803.5959,767.8959,114.308,298.2063,141.8266,1109.7403,1491.5609,2222.1267,15784.4659,3304.3537,8325.4339,2814.0411,115.8956,1987.6894,931.1341,1165.8359,1208.4368,2637.0224,0.5292,0.7938,0.2646
TCGA-CZ-5462-01,TCGA-CZ-5462,Stage IV,G3,1:DECEASED,10.22,970.9924,2561.5267,391.7557,851.6031,773.4321,694.6565,493.1298,933.4351,4981.9359,877.8626,615.2672,541.374,1903.8168,4693.1298,19389.0107,1788.0916,23.2061,366.1069,995.7252,2235.1145,985.0382,821.0687,817.4046,679.3374,105.0382,276.9466,112.3664,918.4733,2661.0687,3032.9771,34215.5725,5265.2244,11843.6641,2303.2061,161.8321,1995.1145,543.5115,865.6489,1115.1145,1226.5649,18.626,0.6107,0
TCGA-CZ-5463-01,TCGA-CZ-5463,Stage II,G2,0:LIVING,21.75,1013.5825,3898.5114,247.528,1349.3426,643.7031,2123.0034,990.7639,953.8194,5257.8094,1802.673,1018.7982,474.1932,2656.3077,13985.0049,43716.6141,1580.7889,9.5621,3.0425,51.0703,769.749,107.7909,470.2814,839.7262,545.2266,51.5049,104.9658,163.8596,798.6526,3145.496,382.484,41760.5129,15766.1154,13542.5405,2100.8367,16.0817,1961.9689,730.8486,929.6968,1354.5583,1866.9999,0.4346,0.2173,1.5212
TCGA-CZ-5464-01,TCGA-CZ-5464,Stage IV,G2,0:LIVING,69.91,1358.9421,2188.602,329.0302,1058.8791,661.2059,531.4861,585.3275,1023.6146,6889.4553,982.3678,901.4484,521.0957,2867.1285,14007.5567,20808.2494,2037.7834,27.0781,71.7884,355.4786,1335.3275,46.9144,2754.4081,819.2695,1144.0963,80.9194,504.0932,197.4181,1194.8992,1494.6474,2242.7582,5915.932,1204.9276,6251.2594,2448.0479,40.3023,1645.1511,812.0277,1182.6196,1025.5038,690.806,0.6297,0.3149,0.3149
TCGA-CZ-5465-01,TCGA-CZ-5465,Stage III,G2,1:DECEASED,84.23,1483.6614,3613.9882,373.0174,949.3598,581.1835,1061.4689,1107.0769,1336.1361,6820.5134,1191.9231,1228.6133,498.3757,2035.5437,14718.6445,61115.9946,2885.2793,19.3643,75.164,214.2812,5891.0759,119.7529,618.6381,706.287,665.0538,56.8189,176.8265,108.0324,1010.0006,3429.7726,4498.6305,33516.0303,4547.3699,7445.315,3839.2254,90.1968,1504.0448,438.2445,1009.4911,765.9087,1268.361,0.2548,3.0575,0
TCGA-CZ-5466-01,TCGA-CZ-5466,Stage III,G2,0:LIVING,22.5,1672.5441,1858.4383,305.2897,1032.7456,952.6448,750.1259,514.3577,1601.5113,4354.6448,763.2242,982.8715,640.806,2158.1864,10346.5995,20275.063,3898.7406,15.6171,63.2796,162.2166,2238.7909,150.1259,1194.9622,661.461,627.6272,106.801,568.262,120.403,1043.3249,1603.5264,4719.8992,11110.8413,5198.3174,4592.4433,4948.6146,159.6977,1888.665,582.8715,1119.3955,1071.0327,2947.1033,49.8741,50.3778,57.4307
TCGA-CZ-5467-01,TCGA-CZ-5467,Stage III,G4,1:DECEASED,2.4,2167.9008,2548.6313,198.3526,1050.6698,764.4563,672.9345,668.2752,1636.409,10250.0541,1126.8824,903.5693,730.8428,4416.3408,20233.2973,39889.8411,1681.0051,1.3312,34.2791,48.2569,1009.4018,31.2838,668.608,621.6823,653.0327,48.2569,240.9518,98.5107,1127.2152,1804.8091,4704.8839,29279.8436,2660.1048,5259.0066,6079.7071,86.5297,2075.0478,750.4784,1277.6437,1214.4105,467.2602,0,0,0
TCGA-CZ-5468-01,TCGA-CZ-5468,Stage IV,G4,1:DECEASED,1.94,1821.9045,1506.2429,151.2624,1152.2964,1349.7257,587.7838,631.3233,1043.0722,4936.0851,710.5202,870.0401,961.2479,2518.5371,8810.7513,29066.0206,3458.0153,13.8876,45.0409,96.4626,179.0376,28.5259,881.6757,856.1525,960.4935,15.7643,780.709,166.6513,716.1504,629.822,3290.2379,4773.2097,1848.535,8864.8003,6156.3407,38.6601,545.7456,483.439,1276.9096,1055.0831,93.8352,85.9531,3.3781,0
TCGA-CZ-5469-01,TCGA-CZ-5469,Stage II,G2,1:DECEASED,31.08,2818.2936,1654.0107,290.7491,634.2447,964.4465,540.759,847.3749,1388.134,3199.9425,358.076,824.2179,1521.93,2289.1131,5446.614,45508.6662,3905.8153,7.2902,18.011,28.303,583.2135,156.9531,734.1629,521.8903,1817.6236,55.7484,949.4373,171.9622,1498.3442,738.8801,815.6413,8458.3115,501.7094,14987.3012,4069.2009,20.584,1595.2605,457.5653,1671.5929,1268.0606,485.4395,121.3599,0,0
TCGA-CZ-5470-01,TCGA-CZ-5470,Stage II,G3,0:LIVING,12.68,1116.7509,2535.0214,337.9599,1020.0067,792.9673,880.695,770.7291,784.5957,4421.8339,972.602,1268.9619,466.3072,1930.0475,8437.0647,15194.3269,3362.8296,18.3814,9.0295,379.8824,4708.5419,73.2031,613.036,691.7213,892.5526,69.3334,659.7957,143.1815,1070.6362,1657.5512,1589.8302,9314.8573,2597.0345,4386.3836,5522.8058,199.2931,1728.1745,482.4312,912.2981,861.6686,1345.3898,5.8047,3.5473,0.645
TCGA-CZ-5982-01,TCGA-CZ-5982,Stage I,G2,0:LIVING,80.12,859.1549,3604.9468,388.1828,1373.7547,758.5022,757.4717,657.8495,1204.3971,9017.4614,1248.7118,1545.1735,984.5414,5644.7956,35954.3112,24405.7025,1727.585,2.7482,17.1762,230.505,5454.1395,428.0316,583.3047,761.9375,491.0649,73.5143,284.0948,97.561,903.1261,2399.8626,5277.9114,23462.3841,4563.0745,9354.8609,6145.6544,31.6043,1949.1584,708.0041,1140.5015,1686.3621,1230.505,1.0306,5.4964,0
TCGA-CZ-5984-01,TCGA-CZ-5984,Stage I,G3,0:LIVING,67.9,1457.3669,3042.5093,406.1081,1129.5089,840.2773,1032.7693,490.6314,1510.5241,5332.7313,908.9558,1239.7854,547.0904,2946.0999,10148.0809,23934.2963,3061.3289,20.1403,13.6492,272.7198,793.3966,89.4759,1372.5134,869.6657,853.5799,73.2976,304.7462,321.5848,1187.9488,1923.5658,1691.787,21126.8675,2266.9517,10385.1424,3716.0545,104.0033,2303.5906,620.3879,779.5295,982.2534,222.8642,4.2922,3.962,0
TCGA-CZ-5985-01,TCGA-CZ-5985,Stage II,G2,0:LIVING,65.6,994.466,3711.5718,410.0107,1156.6862,762.2037,893.3675,599.3227,1175.5183,5063.474,1219.1294,953.498,400.4295,2743.5368,8784.0093,24367.0604,1937.3916,19.1625,10.9028,122.9041,969.687,132.4853,593.0453,782.6877,799.174,92.1781,171.8014,244.4867,907.9045,1960.1883,960.1057,18281.6057,15217.7121,15442.9669,5324.523,60.4609,2120.4262,920.4592,419.2616,1638.0606,1752.0443,31.0564,8.2597,0
TCGA-CZ-5986-01,TCGA-CZ-5986,Stage I,G3,0:LIVING,12.25,541.6667,3582.265,366.453,1193.3761,610.5769,2456.1966,2153.312,1010.6838,6950.7959,1958.3333,1008.547,270.2991,3003.2051,16550.2137,51382.4786,1331.7308,11.7521,10.1496,126.0684,2433.2265,118.0556,605.235,585.4701,390.1816,60.8974,49.1453,217.4145,1017.6282,2704.594,1885.1496,42227.5641,5524.5459,10069.9786,9425.2137,17.094,2744.1239,702.4573,962.6068,1469.5513,11.7521,0.5342,59.2949,0
TCGA-CZ-5987-01,TCGA-CZ-5987,Stage IV,G2,1:DECEASED,14.62,889.499,3821.5511,344.5436,831.8463,931.3658,792.7248,399.4509,1256.0055,3881.2217,555.9369,735.0721,735.7584,3544.9554,6461.2217,17597.1174,4952.6424,4.1181,11.6678,71.3795,1510.6383,72.0659,1293.0679,811.9423,874.221,45.9849,479.0666,163.3493,1052.162,1409.0597,1362.3885,25617.6733,2732.9375,6623.8847,4158.545,175.7035,3043.2395,411.8051,1030.8854,984.2141,838.7097,4.8044,53.5347,0
TCGA-CZ-5988-01,TCGA-CZ-5988,Stage I,G2,0:LIVING,22.77,542.9424,2783.916,307.1985,1219.2292,521.5623,834.3871,725.7986,832.6992,8454.108,1213.6028,1340.7582,397.22,4818.9653,25818.1762,38961.8829,1561.311,5.0637,184.5441,84.9578,690.9153,85.5205,1326.6924,747.1787,372.1603,96.7731,102.3995,336.4555,1076.32,1466.7884,2242.0989,23876.5242,8379.8684,15444.8822,11994.8069,45.0108,2586.9939,1099.9506,1132.5834,1322.1913,93.96,1.1253,0,0
TCGA-CZ-5989-01,TCGA-CZ-5989,Stage II,G2,0:LIVING,62.58,19.334,6441.9979,781.9549,578.4103,40.2793,3434.4791,704.6187,97.2073,9928.9313,2401.1815,2560.6874,32.2234,7783.5661,22200.3222,35296.4554,508.0559,3.2223,17.7229,90.2256,1184.7476,64.9839,199.7852,2072.5027,61.9549,161.6541,20.9452,292.159,448.9796,5196.5628,384.5328,37373.2546,9382.7497,10840.4941,976.9066,31.1493,6569.8174,1870.0322,178.3029,1774.4361,1011.8153,0,2.6853,0.5371
TCGA-DV-5565-01,TCGA-DV-5565,Stage I,G2,0:LIVING,43.66,1199.0079,1443.7227,141.7267,1103.5786,805.0077,556.0411,676.9812,1150.3484,10463.1203,801.7007,996.8111,1110.6649,7291.3665,40515.8852,15875.2805,3544.1124,36.8489,58.1079,164.8754,14343.6873,141.2543,1128.617,690.6815,695.571,53.8561,772.4105,47.2422,1039.3292,667.0604,2904.4526,12368.8674,3216.4403,7037.6757,3658.4386,229.1248,1687.965,788.4729,1463.5644,1299.1615,225.3455,8.976,0,0.4724
TCGA-DV-5566-01,TCGA-DV-5566,Stage I,G2,0:LIVING,45.93,1130.6789,2388.974,206.2277,906.0745,910.6636,543.1343,630.9342,1264.9311,5940.2042,697.805,898.4176,585.5028,3001.5314,15432.8739,29346.6054,2667.6876,22.4604,49.0046,281.7764,7091.8836,253.1904,627.8714,607.9632,749.4283,66.8709,683.0015,149.0556,1269.5253,1232.7718,5739.1526,15367.0189,1728.7596,5887.6978,4854.0071,78.1011,1360.8984,372.6391,1193.9765,552.8331,1477.2843,4.5942,156.2021,335.2527
TCGA-DV-5567-01,TCGA-DV-5567,Stage I,G2,0:LIVING,65.83,1663.1444,5053.4742,546.5898,1373.0387,1111.1111,801.4729,1003.202,1755.6836,10893.2821,1029.7791,1764.9696,571.886,3198.2069,36234.7102,38489.5933,2583.7336,5.7637,22.4143,19.2123,340.3778,23.6952,1368.5559,490.8742,593.3429,32.6609,286.9036,236.3112,1277.6177,1164.9023,1298.1108,23136.4073,5752.4592,6822.2863,6136.0871,73.3269,3601.9853,1137.6881,1879.2827,1732.9491,14.7294,50.9126,0,0
TCGA-DV-5568-01,TCGA-DV-5568,Stage I,G2,0:LIVING,12.16,1415.303,1767.8019,246.3512,880.1415,946.0283,438.3016,677.5763,1237.0632,5903.985,704.1132,1071.6497,823.9717,4576.736,20947.3684,25767.3596,3469.2614,33.6134,49.5356,49.9779,2466.1654,117.6471,1068.5537,662.0964,799.7656,51.3047,871.2959,98.6289,1339.2304,1012.3839,2358.6908,13711.8443,893.3215,4625.8293,6060.5927,137.1075,1272.8881,639.54,1130.031,932.7731,152.1451,5.7497,0,2.6537
TCGA-DV-5569-01,TCGA-DV-5569,Stage I,G2,0:LIVING,11.66,979.6992,1750.3759,231.9549,1111.2782,770.6767,633.4586,661.6541,1121.4286,8763.4887,941.7293,1140.9774,600.3759,6910.9023,20869.5489,28227.8195,1663.1579,12.782,347.7444,539.0977,8910.1504,173.3083,1082.7068,665.4135,726.6579,65.0376,435.7143,164.6617,1323.6842,1232.7068,5386.8421,29066.1654,2171.2594,5920.3008,9614.2857,41.3534,1809.0226,834.5865,1110.9023,1086.4662,1549.6241,1.1278,31.203,66.8647
TCGA-DV-5573-01,TCGA-DV-5573,Stage I,G2,0:LIVING,37.12,1432.0223,2450.7071,488.0768,1254.4647,601.214,1196.6553,946.423,1619.0771,5353.0959,1012.078,1011.6651,841.5402,2970.9921,11212.9658,18181.0674,1890.7815,48.7251,31.3823,92.4951,1807.7836,103.2311,600.3923,708.9914,987.8518,90.4305,459.585,262.2071,1110.3541,2122.8451,1156.6016,14928.4608,1720.2271,5979.5602,4215.1337,72.2618,2299.9897,769.6913,1211.5206,1422.1121,581.8107,24.3625,661.5051,1474.2603
TCGA-DV-5574-01,TCGA-DV-5574,Stage I,G2,0:LIVING,66.23,624.576,2175.2733,495.2884,1238.5978,566.1515,747.4557,601.2062,1057.6706,9643.7769,1156.4267,1194.1199,394.6476,5843.9502,29909.9133,13938.1832,1888.0513,24.8775,178.6657,407.4632,1614.0219,394.2706,2161.3268,671.6924,520.2035,101.7716,338.8617,148.1342,1334.7154,1026.7622,1753.1097,12776.1025,1744.7343,6413.8711,5952.8835,68.9785,3470.7878,1152.6574,1220.5051,1636.2608,909.1594,3.3924,140.5956,361.176
TCGA-DV-5575-01,TCGA-DV-5575,Stage I,G2,0:LIVING,56.8,908.1126,3065.3974,128.7252,969.3709,810.0166,751.6556,735.5132,1149.0066,7474.2964,928.394,1517.798,669.2881,3600.5795,35301.7384,28780.6291,2435.4305,5.3808,67.4669,440.8113,4139.4868,120.447,933.3609,603.0629,641.5025,100.5795,338.5762,242.9636,1152.7318,1326.5728,6088.9901,38829.0563,2578.5472,7600.9934,8954.0563,51.3245,2826.1589,807.947,1261.1755,1307.947,192.4669,0.8278,5.3808,8.6507
TCGA-DV-5576-01,TCGA-DV-5576,Stage I,G2,1:DECEASED,23.88,1552.2001,3985.1783,402.4085,1312.0889,891.5201,787.031,720.704,1752.6633,11578.9532,870.7735,1817.5081,752.2001,3314.4975,35789.9027,48705.1413,2066.5123,6.6698,43.4312,15.5628,397.5915,27.7906,1327.2811,542.1028,706.4678,34.4604,293.4692,118.944,1259.472,1145.3451,2040.2038,39434.9236,2318.0695,5677.4433,3629.4581,45.9472,2822.0472,1026.0306,2042.427,2089.1153,64.4743,29.2728,307.1792,609.371
TCGA-DV-A4VX-01,TCGA-DV-A4VX,Stage IV,G4,1:DECEASED,53.42,2384.0602,2450.5805,175.7138,636.3351,744.2736,1127.0788,719.7992,1560.7154,2163.1503,386.5704,1219.3285,1080.6401,1470.9758,4085.3467,6413.5551,5044.2422,7.5306,60.2447,70.9131,1052.4004,340.7593,638.8453,815.1867,1332.6514,27.6122,707.8757,119.8619,441.1672,1400.6903,2537.8099,7829.7145,651.3524,10785.6919,3526.2002,385.3153,1026.0433,252.2749,1214.3081,375.9021,423.5959,37.0254,100.4079,21.3367
TCGA-DV-A4VZ-01,TCGA-DV-A4VZ,Stage I,G2,0:LIVING,11.99,1635.0441,1847.071,92.7942,829.9637,416.7963,689.9948,814.4116,1270.0881,6917.5272,326.0757,864.6967,1204.2509,4224.4686,13237.4287,88700.8813,1810.7828,13.9969,46.6563,14.5153,218.2478,116.6407,1113.0119,714.8782,2175.5832,16.0705,486.7807,37.8434,751.1664,667.7035,2137.8953,3014.676,432.8668,11927.9419,3276.8274,131.6744,1826.3349,658.8906,1881.804,1389.3209,55.4692,629.86,0.5184,0.5184
TCGA-DV-A4W0-01,TCGA-DV-A4W0,Stage I,G3,0:LIVING,81.14,2054.368,3078.9963,188.6617,843.4015,658.4526,799.7212,593.4015,1217.9368,8347.4907,900.0929,1423.7918,1218.8662,3788.1041,21194.7026,51523.6989,2629.1822,5.1115,33.2621,11.6171,4496.7472,318.3086,523.2342,750.4647,936.4312,32.5279,267.658,153.3457,802.974,2322.4907,8377.7881,21987.2026,3088.2156,3868.0297,9012.0818,248.1413,2118.9591,591.0781,656.5985,1191.9145,382.4349,3.2528,0.4647,0
TCGA-EU-5904-01,TCGA-EU-5904,Stage I,G1,0:LIVING,18.1,1494.7898,2724.3981,398.8502,1037.0104,856.2702,1101.3295,796.9817,1247.2152,8248.9759,1477.9015,1114.6245,586.0582,4587.1362,47178.5843,51240.0287,1964.4269,8.6238,381.6026,409.9892,3187.5674,685.5911,1055.6953,582.1056,753.1621,88.3938,234.2796,104.9227,802.3715,2108.1567,7593.604,17097.0176,1993.4819,5420.0503,15830.3989,109.2346,2492.6338,989.2203,1078.6921,1416.0977,79.0514,6.4678,0.7186,0
TCGA-EU-5905-01,TCGA-EU-5905,Stage I,G3,0:LIVING,3.91,2146.2198,1558.8465,354.7935,826.8122,784.4115,711.4575,546.2198,1462.8215,9068.7202,1454.7155,984.5674,664.0686,3378.9556,25273.8893,6524.7077,847.3889,1.8706,9.9766,16.8355,54.8714,2.4942,3851.5978,513.1723,1056.3741,31.8005,277.4747,147.7786,1660.4832,1619.3297,809.3531,20541.2315,3259.7599,4433.3593,6180.5144,46.7654,3011.6913,800,1330.6313,1173.4996,798.7529,0.6235,2.4942,16.4988
TCGA-EU-5906-01,TCGA-EU-5906,Stage I,G2,0:LIVING,6.77,1401.5757,2746.7567,465.8492,1342.1006,865.3516,1036.4315,1153.0123,1261.7736,10921.0639,1402.5235,1253.9541,374.8593,4292.8736,32631.2422,28246.1939,2031.8701,4.7391,38.3864,228.8964,5903.9156,242.4027,1054.9138,643.5638,358.9953,77.7205,259.2263,212.7836,1000.4147,2157.2182,2388.4841,22660.032,2820.84,6978.2596,6728.5113,34.8321,2963.8055,1284.0472,1122.6823,1437.5926,2718.0854,9.7151,1.8956,0.237
TCGA-EU-5907-01,TCGA-EU-5907,Stage III,G3,0:LIVING,4.17,1505.1282,2344.6154,238.9744,797.9487,844.1026,1069.7436,917.4359,1013.8462,4307.6872,1628.2051,1058.9744,492.8205,2293.8462,8222.5641,28346.6667,3032.3077,3.5897,41.3128,20,1767.1795,36.9231,443.0769,628.2051,553.4769,66.1538,130.2564,145.1282,1073.8462,2226.1538,3112.3077,23827.1795,6537.0667,12538.4615,3898.4615,112.3077,673.3333,256.4103,908.7179,914.359,3216.9231,1.0256,173.8462,0
TCGA-G6-A5PC-01,TCGA-G6-A5PC,Stage IV,G4,1:DECEASED,7.95,2483.9243,1530.7735,28.6607,640.0882,1005.2618,501.9291,1014.1466,1064.8539,1258.8646,201.3595,607.7531,872.3131,328.4953,3973.544,16340.2535,4854.6757,10.2884,6.614,28.6607,1466.1033,2.9396,149.1824,337.314,1596.7738,5.1442,943.5973,55.8516,1979.7906,1004.5931,1020.7606,28000.4924,448.6349,9369.0979,7270.2554,204.2991,1624.8392,229.2853,538.6735,446.8124,548.2271,8.0838,11.0233,0
TCGA-G6-A8L6-01,TCGA-G6-A8L6,Stage IV,G3,1:DECEASED,10.28,1824.5374,1712.1316,235.7779,636.0521,596.2988,963.6737,1242.6319,1455.1062,4540.6991,521.5901,695.682,833.4476,1996.573,16144.6196,68228.2385,5263.8794,2.0562,56.8883,100.0685,3400.2742,227.5531,758.0535,583.9616,1481.3914,27.416,468.1289,65.1131,1132.2824,1870.4592,1819.7395,11533.1666,634.4003,3589.4448,3858.8074,78.1357,1745.7162,378.3413,1302.9472,825.2228,98.6977,42.4949,0.6854,0.6854
TCGA-G6-A8L7-01,TCGA-G6-A8L7,Stage I,G3,0:LIVING,70.07,1709.776,2680.2444,34.6232,846.2322,1288.1263,403.2587,366.5988,1451.1202,2061.0998,289.2057,758.6558,866.5988,1220.9776,6232.1792,15715.8859,3921.5886,7.1283,1765.7841,5.0916,228.1059,34.6232,526.4766,423.6253,1939.8065,14.2566,2571.2831,330.9572,988.7984,575.3564,1361.5071,15625.6925,1002.6477,9459.2668,4437.8819,531.5682,6193.4827,205.7026,1211.8126,616.0896,26.4766,29.5316,305.499,0
TCGA-G6-A8L8-01,TCGA-G6-A8L8,Stage I,G3,1:DECEASED,35.84,2193.0175,2033.298,321.7537,497.2136,899.9797,665.7292,1547.6583,2134.6852,4485.0425,512.0281,898.1326,1112.4807,1195.3496,8454.0199,111331.4005,3011.5218,7.4073,6.0184,30.0921,817.1154,11.5739,597.2119,498.6025,2216.0356,49.5362,483.3249,93.9798,1296.2738,3066.1505,2203.2025,30478.656,1289.0285,1545.3435,5267.9641,311.1057,1456.9192,224.5331,1083.7775,820.8191,268.0509,79.6282,4.1666,0.463
TCGA-GK-A6C7-01,TCGA-GK-A6C7,Stage I,,0:LIVING,2.0,2476.7703,2590.1955,424.223,972.7651,952.8965,1086.1903,1002.8837,1832.1051,11668.8722,1142.9029,815.4438,777.9558,2648.5101,35306.9529,40881.7687,1769.3047,5.7674,4.1653,25.9532,506.5684,17.3021,1408.2025,611.9833,891.9193,68.2474,357.5777,182.6338,830.8235,2416.53,4074.976,35001.5572,2342.1339,1254.4056,10869.5931,223.0054,1482.5376,875.6809,1464.5947,1333.8674,2046.4595,2.5633,57.3534,12.1756
TCGA-MM-A563-01,TCGA-MM-A563,,G2,0:LIVING,19.42,2829.1457,2204.5226,360.804,901.005,627.6332,721.608,835.6784,1283.9196,5185.3668,628.1407,982.4121,939.6985,2444.2211,13715.0754,30112.5628,3498.995,6.5327,19.0955,97.4874,944.2211,65.3266,1407.0352,552.2613,1590.4171,57.7889,467.3367,177.3869,1101.005,1506.5327,909.0452,16796.9899,923.3417,3496.4824,1996.9849,174.3719,2002.0101,681.407,1437.6884,1288.9447,54.2714,91.4573,2.5126,0
TCGA-MM-A564-01,TCGA-MM-A564,Stage II,G2,0:LIVING,19.94,2110.6223,1674.4186,223.1301,713.3878,424.8837,1570.0817,1179.1326,1357.0082,5820.8485,574.4815,570.0817,837.8378,2079.824,16140.1634,72148.3344,3739.7863,3.7712,48.3972,56.5682,855.4368,15.7134,1638.5921,558.7681,1361.3325,24.5129,420.4903,67.2533,1321.1816,2222.5016,917.6618,5780.7165,830.8862,3489.6292,1195.4745,291.0119,1804.5255,548.7115,1228.1584,879.9497,5.6568,0.6285,0,1.8856
TCGA-MM-A84U-01,TCGA-MM-A84U,Stage I,G2,0:LIVING,23.0,2064.7887,2229.2958,192.1127,898.5915,1179.7014,586.4789,834.3662,1402.8169,3812.9183,450.7042,895.2113,830.4225,1999.4366,17823.662,21887.8873,4614.0845,42.8169,54.6479,77.1831,1718.8732,32.1127,1113.2394,508.169,1418.5915,28.7324,561.6901,75.493,1196.0563,1176.9014,1328.4507,17593.1211,569.1155,10307.0423,6507.6056,276.0563,1611.2676,474.3662,1651.2676,868.7324,498.0282,6.1972,1.6901,0
TCGA-MW-A4EC-01,TCGA-MW-A4EC,Stage I,G2,0:LIVING,16.36,1665.6074,2044.9001,338.2881,712.6602,604.818,692.1579,843.8749,1321.1686,6987.9528,671.6556,599.0774,669.1953,2021.9375,21911.225,43556.7401,3237.7242,53.716,4.5105,128.7545,4849.6156,69.2978,1325.6791,640.9021,1210.3496,64.7873,430.5484,64.3772,970.9892,1477.3962,1587.2886,34789.5397,1059.5469,3986.4685,7256.1763,68.8877,1677.0887,492.8754,1140.3383,884.8795,641.7222,4.9206,1.6402,0
TCGA-T7-A92I-01,TCGA-T7-A92I,Stage I,G1,0:LIVING,11.7,1743.9426,3619.2043,731.379,1000,1477.1134,856.4164,1996.4104,888.1244,6367.5411,1953.3353,2656.2967,658.0915,17754.4122,3509.1235,1047.5621,3338.0197,18.2471,2.6922,248.8783,6438.5283,19.1445,185.7613,729.5842,631.6841,22.1358,265.3305,323.3622,611.1277,1687.1074,225.845,8836.7724,1919.5184,4495.3634,2721.8068,5.3844,2361.0529,1260.2453,2135.2079,1891.714,401.735,17.6488,3.5896,2.0939
